word,value
ÿ±ŸäÿßŸÑ,45.96962552432122
ŸÖÿØÿ±ŸäÿØ,68.95443828648183
ÿµÿ®ÿ≠Ÿâ,51.489487720819774
state,1.0832015661394645
league,208.51723001702922
was,0.0
low,0.017902815738878242
tier,5.7278042006798815
won,13.894116428604782
3,0.0
world,0.255033565729921
cups,15.113585493039755
during,0.0
that,0.0
era,4.3356897829402286
pretty,0.053691276995772835
sure,0.08373282483864572
he,0.7983381543776222
one,0.0
of,0.0
the,0.0
best,0.4090763961582692
players,100.59718660397316
in,0.0
leagues,70.30343418682124
and,0.0
teams,110.9315003419176
barcelona,707.6624762073652
to,0.0
double,0.30690711040618157
investment,2.178026042791668
la,16.284828651753784
neymar,590.3486254665111
jr,40.13655256978453
2016,20.32475993720207
17,4.0299680089754455
‚óè,775.1003064816013
dribbling,125.43267731149811
skills,25.684662254403776
tricks,21.76050299949492
amp,0.5775505449613468
goals,170.5048418307568
hd,117.73321964769195
2017,14.99011933113167
1,0.0
john,3.9606677473027045
surprised,0.18509203841899888
a,0.0
who,0.0
had,0.0
just,0.0
named,1.4153307410367157
broncos,12.10583584921781
ever,0.1316714650134429
soccer,238.21848311181586
watch,1.3793993453047562
online,3.134628012654779
napoli,158.99359470124617
as,0.0
roma,152.36211720509525
/<link>/,0.0
big,0.0
money,0.3071018950585728
europe,13.04381258522941
strikers,29.857279830224055
more,0.2601470206818993
transfer,11.961853582977252
talk,0.038363176583310524
boss,2.9268109822149433
has,0.0
said,0.0
media,1.644644825918123
can,0.0
now,0.0
bid,6.83874530111648
on,0.0
because,0.18600192387821302
recent,0.3863566913534436
departure,5.584632474413195
an,0.0
player,46.97484909403531
from,0.0
club,25.097917199235155
last,0.0
week,0.06391818689972956
chinese,4.123333161710465
told,0.0383877368823216
they,0.6238415041413605
ca,0.0
n‚Äôt,5.36505632477632
buy,0.07483213041027417
any,0.0
new,0.15404283042834824
china,10.4220606476555
rules,1.0474345989316185
saying,0.0
only,0.0
three,0.03771173027084044
per,0.5096610219993392
season,28.091475838715358
so,0.0
are,0.0
striker,99.36048177504895
find,0.0
since,0.07222755119669441
found,0.0
way,0.0
play,0.4194373973108617
have,0.0
offered,1.8937417275042552
same,0.09651646221859164
contract,13.864976170829143
back,0.0
diego,35.716292140624034
costa,50.495640952051104
after,0.14125919304840234
it,0.0
got,0.0
within,0.06276027160984014
chelsea,491.59594628722294
team,19.123337842606208
come,0.05688718634075931
out,0.0
if,0.0
do,0.0
offer,0.5051882682811073
him,0.0
did,0.0
would,0.0
leave,0.10169494645498797
these,0.06903164185170793
words,0.09875000865325209
by,0.0
built,0.5170512584598711
‚Äôs,10.838317678593224
side,0.04282518522281881
with,0.0
kante,102.43861412381929
‚Äú,3.3226091335863464
go,0.0
f,0.6216202402287345
off,0.0
old,0.0
will,0.0
be,0.0
interesting,0.06010230998051982
joins,5.328593502571326
this,0.0
deal,0.09724893343521472
goes,0.06715704011178451
through,0.0
give,0.05177373138878095
game,1.284709594328363
time,0.0
always,0.0
been,0.0
looking,0.0
for,0.0
joining,2.4657896728708124
multi,1.0207781953475923
is,0.0
cavani,34.48894932200665
scored,33.00309277069779
27,4.132817835637495
games,9.368125708239571
top,0.0
goal,18.41613901303082
scorer,16.60424136886142
ligue,60.35154889198575
move,0.13431408022356903
likely,0.12291948532726918
than,0.0
psg,439.42694540689206
already,0.031319911580867485
up,0.0
main,0.14212565490965498
man,0.0
zlatan,323.19907741535803
ibrahimovic,266.3403967219302
at,0.0
end,0.06583573250672145
emery,20.199942338459877
very,0.12016619137149158
interested,0.06909792638817888
belgium,14.223942442491749
christian,6.129907485191889
benteke,22.612138794590187
solid,0.2654736672766211
crystal,21.691615545661964
palace,52.14043521656273
class,0.9203275681643985
prove,0.7384918839793382
his,0.0
worth,0.0
also,0.0
but,0.0
blues,6.60811906089107
may,0.0
want,0.0
keep,0.039629275877832326
hold,0.06080005188274615
leaving,0.3365883811256394
manchester,537.5818460111399
united,109.36978594218739
antoine,30.381529894379433
griezmann,150.88915328377908
silva,62.580978639126215
both,0.0
amazing,0.28397834104411734
their,0.25631192946791553
clubs,80.55142459699253
something,0.06583573250672145
simeone,33.016086413512966
claiming,1.394936437651513
not,0.0
stand,0.10580358069991296
atletico,400.6602356179763
madrid,672.6100166822667
exit,2.0449605101922526
unbelievable,13.038309104010375
monaco,161.2705851147833
7,0.1970570493292509
6,0.0
assists,65.595854464881
helped,0.5370048068126548
‚Äò,13.748257091137008
red,0.5995536239661734
make,0.11952700950249429
2nd,1.7642920166966545
place,0.0
table,2.7554306208647494
uefa,249.64003244367106
year,0.21994887907764699
performances,6.980270012136439
france,16.75802845737698
4,0.0
9,0.14980812274260932
appearances,7.861596825599577
incredible,2.5001779777873714
round,2.0776870467557202
16,1.6655688145701855
ucl,90.59544239372543
2,0.0
matches,29.386341862150438
there,0.2895493866557749
nothing,0.03323745718785937
stopping,0.8210588646893726
two,0.0
other,0.0
news,1.8546832641973339
liverpool,558.2285905864214
american,17.60805776584453
dortmund,267.44258596434844
price,0.4638293656760333
pulisic,19.941726364938898
join,0.9222886707459521
former,2.2491362465160663
epl,207.66252559329675
future,0.08826353843263107
ahead,0.33999388839103034
them,0.1757750139742563
jose,67.94654829813268
made,0.059443913816748496
west,14.034951009077275
ham,57.098515331197675
improve,2.0984294125063436
career,7.254191334326363
memphis,23.504422209883607
depay,52.93442548569376
moved,0.45458539043097645
fee,2.4362834231568034
dutch,13.318523445855808
winger,16.183378477671077
wanted,0.02492809289089453
hoping,0.13881902881424915
get,0.25631192946791553
lyon,74.53407382667092
thanks,0.0
reading,0.16912272762842273
let,0.04090763961582692
me,0.0
what,0.0
your,0.0
thoughts,0.20727768391370238
were,0.14445510239338882
transfers,9.146945623413329
please,0.0
drop,0.28094209801838405
like,0.0
follow,0.13828442099317784
its,0.0
much,0.0
appreciated,0.5475917731926901
check,0.04090763961582692
my,0.0
posts,1.2752896602704178
bunch,0.09227837177466558
galatasaray,28.299502640153968
's,0.0
podolski,29.746474981055297
japan,2.2426075258520983
june,1.6993152146212955
watching,1.0675388323198491
brazil,67.54384000692285
hurting,2.1978350219981624
or,0.0
another,0.0
sports,26.415032156421066
're,0.13231064688244018
around,0.0
yellow,4.656486300878899
cards,3.7958167554285533
earned,2.780944426129481
either,0.07928389827217508
damage,0.5214805980101981
acting,0.7071774663048647
potentially,0.5606406415438624
trying,0.0
fly,0.583373714273683
kick,8.603123685240572
ball,17.82279762565855
nearly,0.1274152554998348
when,0.0
ground,0.596940391925739
getting,0.047938640174797174
someone,0.0
face,0.1703493086552804
etc,0.2765688419863557
whether,0.12812327850638086
done,0.03259827531886208
which,0.0
usually,0.019814637938916163
free,0.13678491996542128
down,0.0
pitch,19.121929208482687
given,0.19200016384025098
seriously,0.14345204939392034
starting,0.22279156715567539
fights,16.676499107098596
gets,0.09335039635272227
sent,0.43067039846018057
rest,0.02748482036688371
suspended,3.863404247508442
few,0.08053691549365925
hurt,0.19140906598230248
penalty,58.92741477719174
where,0.0
single,0.058861196552893125
take,0.07094918745869981
clear,0.064000054613417
shot,0.250242066932685
goalie,19.364709743077125
defending,5.689395487897571
most,0.0
once,0.028763184104878305
card,2.0828678930091504
n't,0.0
allowed,0.3701387212744685
position,1.5371477845765869
10,0.0
vs,38.74478575085406
11,1.2517956799851573
played,7.3090062180513735
really,0.18024928705723736
important,0.1793725899089332
role,1.9951062304358942
formation,7.3185222822070415
such,0.0
then,0.14765101173837528
question,0.0888462797906241
diving,13.496382948240859
penalties,28.388510497193174
note,0.044828765435600104
many,0.0
doing,0.0
those,0.0
i,0.0
'm,0.0
sort,0.03837545149244829
correct,0.11538501049654235
anything,0.0
wrong,0.0
lionel,495.91226541314717
messi,1208.3867590256177
hull,102.56676178529223
highlights,131.89993002375843
supporters,18.23723730897471
pay,0.07483213041027417
manager,28.180967615548955
¬£,28.565055232266513
fa,131.24297320503047
fine,0.014701182986937799
highest,3.014097523747362
paid,1.3312857862621454
richest,12.574947689500245
still,0.0
insane,1.7382553214793484
though,0.0
prediksi,2272.087000645955
score,22.05087120489178
watford,140.29901936009506
februari,409.2975368083968
does,0.2473633833019534
giovinco,27.134566553508222
deserve,2.5561840910434
call,0.0
italy,26.75057257906903
squad,25.404479061872028
hilarious,1.2435409864663844
french,5.466327137576797
5th,2.143959806237625
division,12.95088686443253
funny,1.6444269829818123
defence,10.69731452410496
cup,76.79183499514566
hot,0.2936310854286171
snapchat,4.175099877077787
footballers,252.41398174827714
nice,0.040268457746829626
try,0.0
al,3.267039064187502
‚Äì,46.58915337616506
0,17.577608121934105
premier,326.49261226195944
match,21.24263592613973
preview,158.22845313988367
eibar,114.0281540940453
betis,136.4325122694656
recorded,2.4502792981406265
win,4.838300328756274
soon,0.01917545606991887
coach,42.73876326199816
took,0.014701182986937799
over,0.0
story,0.21517807409088052
about,0.0
tom,7.634438186725679
brady,22.688501811620363
jersey,14.642442817546858
athletic,42.81551563716783
power,0.07174903596357328
worst,0.8808932562858514
football,734.2901878786635
all,0.0
disagree,0.8850460146388875
we,0.0
talking,0.05754476487496578
rule,0.974111550923521
rooney,221.38722833277922
surely,1.7787311527427436
keeping,0.2940351516410407
ronaldo,1089.6881443051793
style,0.8105623433719296
perfect,0.08320007099744209
physical,1.3613913016211832
course,0.028763184104878305
matters,0.3029234325581164
among,0.41183655434520083
even,0.14189837491739962
changed,0.10381316824649878
lot,0.0
years,0.29923277734982207
wide,0.49011042948345607
talent,11.578435067767975
playing,1.608359141180548
multiple,0.16372518203634323
styles,3.07177998598771
unlike,0.5918303752930845
benefits,0.8474839922596412
early,0.04605054179093795
high,0.0
little,0.039629275877832326
defensive,12.103341949761518
mostly,0.10381316824649878
tight,0.9571197674863539
box,0.46703515735680046
here,0.0
example,0.17931506174240042
liga,483.5505826279497
offensive,2.4881103752812708
contribution,4.08593882994256
dribbles,38.9372068656113
key,0.37853836694776943
passes,8.690873835729793
fouls,74.96373787674908
suffered,4.130520942163874
2016/2017,113.63939721902155
plus,0.11139578357783769
22,3.2344690271434526
almost,0.0
addition,0.49011042948345607
suarez,242.57967077107153
reason,0.03515500279485126
data,0.9846355575958288
change,0.029402365973875598
nature,0.3635081190697397
guardiola,223.6677850133905
barca,375.6349480429002
started,0.029402365973875598
pressing,1.9528037868642354
tactics,25.18725569833642
basically,0.08957138605875041
result,0.6169373155848966
part,0.0
highly,0.1081798735789642
tackles,19.574784014565008
2015/2016,18.089857423454426
reasons,0.3385835135620145
why,0.0
good,0.0
long,0.0
quality,0.20480017476293438
abilities,2.175755880247759
rare,0.4178586355334181
great,0.13422819248943207
nowhere,0.5778395488231209
comparing,1.711328651220669
average,0.5202160375187643
level,0.09207162379994525
necessarily,0.5381876083632147
purpose,0.3660769371957341
dropped,0.7188723626996614
20,0.12787725527770175
points,0.4582829296834559
puts,0.5330505078029999
you,0.0
listen,0.3426623598829346
bt,10.20941064736259
2015/16,37.44723190330029
strikes,1.672785693425567
some,0.16938319528428333
gk,52.64279886176995
buffon,70.57923398092501
carlos,30.33804725284249
maldini,24.353672265931266
lahm,26.46721274284688
xavi,66.1680318571172
iniesta,81.95089129905543
pirlo,52.318905953043156
zidane,183.40398473722823
rivaldo,51.715828714861374
gerrard,142.7879410357876
lampard,87.19817658840526
figo,28.299502640153968
de,12.347851584512561
lima,12.518054195273184
henry,13.98502357916516
ronaldinho,163.90178259811086
seemed,0.26357648779883863
above,0.021739133397209294
everyone,0.040268457746829626
fuck,0.22549697017123033
often,0.03964194913608754
've,0.0
seen,0.04857782204379447
better,0.11185682707452674
imo,0.8161125023727517
defender,23.380559311635608
overall,0.28009969465872997
second,0.10358057677493841
fixing,2.91204408983697
must,0.0
desperate,1.8557465421571706
crazy,0.3649172220653304
kane,50.11257968922488
wants,0.09977617388036555
europa,134.98020908956818
title,0.4310476702317203
5,0.0
famous,5.87062899405908
history,2.186462415012641
sub,0.03835091213983774
r/football,51.73342398300997
could,0.0
/r/cfb,819.6256647842234
luck,0.29489531826369003
mr,1.2821967971058068
c·∫ßu,131.50983023602885
th·ªß,119.76729363781793
nh·∫•t,89.86102468201727
l·ªãch,64.45069579228648
s·ª≠,40.1874241057028
b√≥ng,210.97950720283865
ƒë√°,186.96307236926768
people,0.129753919406451
care,0.013422819248943209
word,0.06662410482331806
fifa,190.7024311703208
america,3.7544415433900657
real,0.2780441130138236
prediction,68.98735605830713
probable,14.898901165129889
lineups,113.13614584901242
betting,65.32418642491183
tips,10.315333654133173
weekend,2.013497865424703
500,2.4520972869534257
855-tygaston,228.02487419220185
well,0.0
obsessed,2.360385832248281
majority,0.3896446203694084
understanding,0.32291256501792875
love,0.06967082372070522
sport,26.783482107322722
saudi,7.103643033380029
arabia,6.025191672639871
speak,0.16752969135374474
middle,0.04094691934114304
east,3.5169489225079023
no,0.0
spam,2.003669487863783
respected,2.661774903092833
beat,1.6825508321826834
semi,3.253990754798973
finals,16.900052210970518
row,1.4662282122337773
nba,17.995040311685408
ncaa,22.989101779462054
basketball,11.112181902240204
vip,14.107493391860169
995,38.59133541507773
60,0.25043321215698555
days,0.0
different,0.0581655500787539
times,0.04282518522281881
ÿ±ŸàŸÜÿßŸÑÿØŸà,73.55641102974253
2012,2.1605307911082
cristiano,829.2967419117944
ribery,31.65699431242626
absolutely,0.1023672983528576
mario,6.635573604676253
cheeky,4.852233519882641
nutmeg,85.44412827356234
üòÇ,19.198786672648097
skor,613.2085434256278
15,0.2047345967057152
oktober,267.91616070468535
day,0.0
article,3.3796889079022474
goalkeepers,119.6503581896334
craziest,34.76120140427225
porto,93.36690611473766
fan,3.2689917360154706
agree,0.0805626708249521
although,0.16901429232499512
hurts,0.858851939559005
say,0.0
2014/15,19.0014652074242
benfica,186.15443751477235
champions,220.05209656754087
portugal,24.750878098658113
'd,0.0
population,2.151225347709413
likes,0.4213696884181687
pressure,2.6880850557619254
put,0.0
referees,87.86420747009026
fact,0.03259827531886208
specially,2.580823323727055
unfair,2.090228848934535
sporting,29.380680942595134
everything,0.025567274759891824
speaking,0.24393716014942604
fired,2.6473128089427
january,3.5574623054854873
behind,0.13819585277635776
1st,1.8751334833405287
fans,35.04258032933618
bad,0.0
job,0.035805631477756485
apparently,0.11681721737029267
see,0.1764141958432536
problem,0.02620645662888912
far,0.0
beyond,0.12395534461463678
hand,0.04347826679441859
beginning,0.40377425807762074
everybody,0.44464984543406993
stuck,0.2244502711996325
together,0.014062001117940504
ended,0.17562184106391807
being,0.10610419025355107
think,0.0
faith,1.606876807725902
us,0.0
yeah,0.1393862082526949
again,0.0
am,0.0
rangers,34.16168313282348
country,2.2528854904264475
alone,0.09862328395832023
fantastic,0.696514113815562
thing,0.0
market,1.3875355964885125
flight,3.0081078564529347
represent,1.0404091589239974
whole,0.02748482036688371
region,1.454993965602995
maybe,0.06519655063772416
help,0.05752636820975661
germany,15.717962680459763
grow,0.5516828870645484
least,0.039629275877832326
into,0.0
under,0.0441035489608134
youth,9.13853137288531
development,0.9948327891731075
rb,56.2040134492849
current,0.251606314336015
stadium,80.45283677024432
city,18.58630529601819
center,0.2724664855911066
keen,3.5431862598486195
right,0.0
hate,0.1997441636568124
continues,1.3310333953938538
slightly,0.11272385296605071
wages,6.8643139820231
order,0.03261913376858105
pull,0.27038877531183186
hope,0.0434643670918161
turn,0.057563177238672436
scenario,1.5282477789127544
gap,0.9276077976231272
between,0.04921700391279176
smaller,0.39757598464468547
fight,1.16336533153471
fails,11.444500748163971
wales,28.017872073247094
england,71.83721876808322
final,2.01874253740507
/r/football,3118.047155689896
association,130.53569314793268
post,0.0
subject,14.18210430692426
belong,36.26950508867036
removed,7.102456186664462
should,0.0
posted,0.7351917531438418
/r/nfl,677.8658678651417
/r/footballamerica,1522.6177083156704
bot,10.621492370765589
action,4.522866787034278
performed,40.390067271714805
automatically,15.139083621576432
contact,5.390083915110149
moderators,67.6715069873339
subreddit,0.8814881561239003
/message,64.61396147492201
compose/?to=,124.62258850332896
questions,1.224858542521001
concerns,22.55777438204232
yaya,29.136552290159567
fail,0.8119024174827053
damn,0.06145974266363459
impressive,2.200345578850893
certain,0.09224876052459423
comes,0.09593862873112073
learning,0.2745577028968006
working,0.0
technique,3.1093917148821637
using,0.031969313819425436
attention,0.12725077641306173
movement,1.152674957283618
opposition,9.20322268402377
useful,0.4846774920929862
bit,0.0
somebody,0.2922334652770563
difference,0.17633930116652158
weak,1.015590776319139
foot,3.06443568732108
share,0.1344862963068003
qualifier,17.88095452000747
streamable,9.393481628520162
mirror,1.6270688175845422
suggestions,0.6032264682031829
message,1.052710968508056
creator,2.4858878867590626
pm,0.1952489885903122
smart,1.1840127383990722
v,27.52890158877381
leicester,510.3240116481994
live,0.3215084801056397
stream,41.35711170521115
anyone,0.059443913816748496
know,0.0
inter,78.50447209703115
making,0.0
johan,28.78304288496047
cruyff,50.4135761880792
facts,4.884753414722684
juventus,377.21221645181436
atalanta,68.74578571101709
coppa,36.66441904587578
italia,46.235727749114716
income,3.718374313136903
plays,4.24932776424607
outside,0.07421629130582176
30,0.21510909932272107
wins,10.974591053527854
draws,6.312639985289665
losses,3.4000161598925014
against,0.5041589443878237
12,0.2824212222442807
8,0.034515820925853966
lost,0.07033249040273595
home,0.15158303339517076
competitions,22.063478525522044
each,0.03515500279485126
stronger,1.464361935826088
draw,3.29753193393854
biggest,0.7588529049020615
serie,103.18707314762791
a.,3.837141580667885
sides,1.1441007484647812
spurs,108.79271131858584
idea,0.02620645662888912
how,0.0
saw,0.01597954672493239
makes,0.03835091213983774
tackle,10.874002145035579
worthy,1.7596300475688766
sin,6.320418247418815
bin,3.3395114454927457
mins,2.4653926518181066
totally,0.07360006280542955
outcome,1.7555576375164876
kicks,14.249999496734539
‚ú™,81.40369966052467
ŸÅŸä,91.70199236861411
need,0.06263982316173497
offside,100.3162575418166
foul,14.94887876635821
replays,13.873595140342685
technology,2.183626657138678
seeing,0.051806859514805195
stuff,0.0
missed,0.45089541186420284
alex,9.898533892030827
minutes,0.1805379940744266
hi,1.4792509972364738
/u,1.2939753308709343
thank,0.0728667330656917
participating,36.26861928738534
unfortunately,0.638874225522014
submission,59.39593122187879
following,1.179961744921118
reason(s,201.97949334847567
discuss,9.900484528268105
consider,0.8837585799350973
visiting,19.491914534369567
similar,0.32000027306708495
subs,13.091795646047219
removal,105.02977155072611
feel,0.09459891661159975
moderators.,278.4374267927266
regarding,9.312098160185664
submission.,351.99995394248765
clemson,47.42074527363905
krasnodar,23.953458727563586
interview,3.404161618317829
elbow,10.22067910068219
pep,127.23600001515273
press,1.8925357740538498
burnley,137.25788644711875
januari,345.822146176224
swansea,216.94794014540477
tv,4.33217554708391
channel,2.4078864737921015
date,0.14461456871707623
odds,2.911253702595451
meetings,4.289323270276453
guy,0.061381082533296834
@niume_official,59.8251790948167
show,0.0
fair,0.2062123210037605
image,0.1954646289563876
obvious,0.27705278475832107
system,0.3713496600357578
half,0.0
scottish,26.060491202766354
premiership,102.2829914880696
12:30bst,44.13384661784552
winners,16.498800418706008
chapecoense,136.14668200610845
video,0.7531232593180818
before,0.0888462797906241
plane,9.382358909569815
crash,5.300587506753303
footage,1.731160851328084
‚öΩ,170.47570586151886
step,0.3987193229146425
number,0.09724893343521472
keeper,28.144084882934784
forward,0.21339373472891415
losing,1.5077808778345074
sexy,1.3780730152583165
body,0.5161967528680427
verratti,43.116225709614454
mentioned,0.1335914132460031
coventry,30.992562877914967
ladies,5.9151758559613015
tottenham,439.2658903151836
november,16.68719341073667
ŸÖÿ®ÿßÿ±ÿßÿ©,232.44057645908956
ŸÖÿµÿ±,72.21783135893249
anh,32.61296540752153
lithuania,23.12215986055007
2018,20.74652255675463
ch√¢u,34.70422081123118
become,0.08058844813414141
professional,3.670005260129907
steps,0.7331141061168887
celta,197.14839304715346
vigo,160.25103759587762
desember,293.0563627175478
wonder,0.2158015137050819
work,0.0
kerala,38.9372068656113
"l""ve",44.13384661784552
isl,139.4277270561613
criticism,2.4107368382240675
sunderland,197.43778587722673
afc,88.22582590305112
black,0.1794877941057325
linked,0.2665363113277508
ÿßŸáÿØÿßŸÅ,208.9271359649027
ÿßŸÑÿ≤ŸÖÿßŸÑŸÉ,106.36948984320443
ŸÅŸâ,113.35762956492684
ÿßŸÑÿØŸàÿ±Ÿâ,80.91205213271678
broken,0.4049646071343772
leg,7.282864112467982
yes,0.053691276995772835
never,0.10993928146753484
nhan,670.077344284391
dinh,603.6271599346023
sheffield,20.54519488153766
d,0.26966500570691826
rovers,14.805959741509074
02h45,220.6692330892276
ngay,567.0060900283894
hoa,11.62601590790909
khong,36.93339692906092
technically,0.5112515651409848
says,0.03643336653284585
balls,1.773246770613111
actually,0.0
kicked,2.9685842808652065
feet,1.5692952534560936
counts,0.9312972601757796
marco,10.874659093180336
reus,18.460397284223035
genius,3.452335473576105
till,0.5247105173745358
evidence,1.3541181621659764
ÿ±ŸÖÿ∂ÿßŸÜ,46.63745745690016
na,0.0294117687138714
creative,1.5223558189115867
anderlecht,45.830523807344726
zenit,39.23917946478237
lack,0.5314124496970962
plan,0.11545919738349651
b,0.45233016665511083
cl,100.06926858945815
atleti,22.612138794590187
group,0.5256428255953596
might,0.0
german,5.3938145442697625
'll,0.0
use,0.0
google,0.1286191364240782
edit,0.07483213041027417
turns,0.24580797755621078
english,6.204328868176207
version,0.1335914132460031
update,0.510141018889666
pogba,221.72459640994802
entertaining,2.5208377020663844
wolverhampton,22.612138794590187
pique,30.03735118658981
demi,11.584146512957105
baru,21.799544147101315
miracle,5.3987265750373234
art,0.32031732004626734
goalscoring,32.780356519622174
documentary,6.320418247418815
nt,0.25903429757402596
wait,0.03261913376858105
lose,0.38585740927223466
every,0.08117609736265655
lincoln,7.37115489060544
mls,157.92533143587704
below,0.19143248199530835
championship,82.67358044705573
opinion,0.17600015018689674
older,0.2129098724825168
able,0.028763184104878305
pace,5.55935689877967
supporter,16.45829401108894
leeds,73.1755808241287
couple,0.024288911021897234
robbie,25.92029983925425
mike,3.238610676253357
neither,0.4227156407585614
managed,1.2949469424137292
break,0.12299834736612564
first,0.0
fairly,0.21311752673717005
successful,1.7273075758433392
defense,3.7798675173291496
stop,0.04475703934719561
sassuolo,63.20823509594168
house,0.16752969135374474
giroud,49.11796279585898
latest,3.394996602395183
today,0.04218600335382151
r/soccer,64.28612644300786
voice,0.36096437108811136
higuain,34.48894932200665
girls,3.179644824084171
random,0.10006463773236364
colombia,45.14565606216044
receive,0.5286940508764907
:d,0.6320545326272531
head,0.20160017203226355
stats,10.528377497585272
hamburg,25.2933482738854
schalke,102.43861412381929
combined,0.6942510699227058
total,0.1854512118496529
28,4.805849034624928
eight,2.967136024695068
less,0.030041547842872895
promoted,3.237785095605921
leipzig,142.86204377472086
present,0.2690008623009027
bundesliga,174.22200460331814
chance,0.031319911580867485
victory,6.659987136030816
augsburg,46.910585145775315
matchday,69.01667202848871
14,1.1378440762233275
die,0.47785260109791794
yet,0.030041547842872895
set,0.02173218354590805
piece,0.09254601920949944
completed,1.0482831762993292
coaching,15.860990754602692
2011,3.390314190800345
pro,1.3078472816569084
android,5.063913788514898
app,2.1291963888500334
derby,125.1920514892921
county,14.313259975453452
bayern,403.34572289852395
false,0.951993439904627
proven,1.4111803834905947
yesterday,0.19664638204496862
past,0.054987219769411746
dream,1.2844059329701358
matter,0.057563177238672436
perspective,1.139470682406773
too,0.0
research,0.3937944500738
internet,0.24316870301157886
affected,1.341860930421945
hey,0.04029422406707071
student,0.7020056212207791
uk,3.6313186083924753
based,0.04603581189997263
focus,0.31856840073194526
reddit,0.04347826679441859
willing,0.12882726053262938
debate,2.0886892352161666
tell,0.01917545606991887
experiences,0.9111174113437124
sounds,0.016618728593929686
click,0.5014901619472047
link,0.022371365414905347
small,0.03452685892497947
survey,2.4616687637610153
minute,0.5654522146943091
invited,2.4404632839656486
open,0.017257910462926983
february,2.9335784306719033
afterwards,1.0821381300024315
shut,0.4526642738189034
participate,1.6385552017137206
welcome,0.10310616050188025
mainly,0.3447008389732474
fantasy,3.846824887968605
large,0.13401786888655642
amount,0.03452685892497947
violent,3.5511504217806324
individual,1.0097489056916304
failed,0.5885395590463112
differently,1.0122178014476142
light,0.09875000865325209
towards,0.1617469163588668
context,1.4501230836330374
takes,0.03324808637220245
account,0.07193383790169397
attend,2.400290967467739
comment,0.016618728593929686
enough,0.05496964073376742
interest,0.5309473345532422
situs,282.59151232002534
judi,776.1569542301006
bola,527.9673623287788
resmi,87.69308093584658
indonesia,66.4628451109514
yang,46.51518402173295
terbesar,75.73623335486516
case,0.052429674663857714
jump,0.39287763227799083
cause,0.056302014094071685
deliberate,3.902826311873166
white,0.18322310740329392
17:30bst,66.20076992676829
19,2.861792167757557
dailymotion,16.651447061195523
december,1.3519876347630264
arsenal,325.78157272310557
buddy,0.41968698043442887
‚ñ∫,70.31446627257743
bale,105.16942265620243
ban,4.986611637340956
jurgen,86.27638576676036
klopp,200.5241890860628
cowboys,15.454984054251794
49ers,16.874077924225496
deportivo,100.8271523761584
coruna,77.89434287244679
financial,3.5316808327657903
mbappe,27.49831428440684
full,0.0
03,15.444637616309777
youtube,2.1177426311124017
en,15.298922699167015
direct,1.5984800109139994
munchen,42.20959649035534
op,0.11538501049654235
female,2.3506479342911977
atl,8.84196222287002
espanyol,88.30422713556884
pre,0.6957440485140499
afraid,0.19878401386115713
dude,0.1541439383607728
catch,0.20090547950379065
tend,0.31369591786456813
asia,8.72797844574587
special,0.08450714616249756
signings,15.919657165928532
replace,1.472825643480828
leaves,0.9295818581276347
window,0.6437502681718567
basel,27.710566438909016
numbers,0.6500023219408727
ŸÖŸÜ,101.97793301555849
ÿ®ÿ±ÿ¥ŸÑŸàŸÜÿ©,29.846733709271813
casino,41.98970937630306
roulette,29.50496955811706
aguero,95.1456013964392
mix,0.75157688413425
ozil,130.82455349839822
comments,0.021093001676910757
probably,0.0
baseball,4.018736078305403
next,0.053691276995772835
decade,2.0024480107751934
indian,11.065509657983958
national,11.289443067924758
going,0.0
byu,15.46480612966469
field,2.9702175761588254
spring,1.4260944313938453
granada,65.81259529240891
saves,14.074893487070629
casillas,31.256885415546623
hart,25.905100887920987
freestyle,38.72941948615425
·¥¥·¥∞,38.96587562549003
street,1.2091625260001608
king,2.0085957588690526
attacking,7.711786340467902
space,0.2958240137753799
modern,2.1070520817186518
lineker,41.247471426610254
type,0.04605054179093795
himself,1.633705513191418
else,0.03068072971187019
midfield,89.20843404901116
2013,1.7660020112669546
lfc,52.30467570638765
fiorentina,119.10245734281095
dan,14.668992237512919
africa,7.617988639582761
nations,34.25939762508576
involved,0.5963520415834713
life,0.0441035489608134
espn,7.265038847864437
qpr,56.0445426482608
ngo·∫°i,26.380997806472088
h·∫°ng,34.477219143240916
‚úî,32.573111431319965
nantes,35.289616990462505
exactly,0.04475703934719561
private,0.717988521849489
owners,5.626671460025178
easy,0.02045381980791346
directly,0.21964707316569884
250,2.5489079063038185
anywhere,0.12725077641306173
sevilla,269.5218003496563
cara,98.01465298143297
bermain,153.69012073545235
own,0.0
possible,0.04282518522281881
huddersfield,29.85219054731156
cap,2.2975581587377834
kashima,34.09514117230378
antlers,12.326459873762499
hat,4.145930138331628
trick,3.5759752101404123
üíö,22.056010619039064
support,0.589367081129352
family,0.3964030171105971
heart,0.46680782614290356
friends,0.021093001676910757
experience,0.03324808637220245
learn,0.13401786888655642
cry,0.7798137864154054
childhood,2.067421986373921
daftar,90.95500817964374
di,115.74466503007388
terpercaya,262.76052899932176
aman,46.678862402094325
agreed,0.4909437565208556
entirely,0.24161178048226872
pass,0.3242249373487718
perfectly,0.1360187503954586
pie,3.951438099948186
streaming,16.700510833236727
magic,1.9625489885902616
fun,0.049872129558303675
videos,1.3403371036031546
fucking,0.5673936403603507
charity,9.384665487376942
added,0.18913121345345021
feature,0.6946580813239793
articles,3.4406629586277497
untuk,102.24699984118496
worlds,2.028809760197984
start,0.0
chile,23.291899990268192
uruguay,48.0192199477671
antonio,18.563158573993583
conte,117.11629423572981
bromwich,76.88127190160664
albion,45.97772492738794
:p,0.46012640862688636
simple,0.11991072479323468
beaten,3.9245111710401606
near,0.11207191358900026
cross,0.4661808992689426
letting,0.8495268668595374
mistake,0.5167881935216285
anymore,0.16912272762842273
shout,6.0202936701285354
thought,0.040268457746829626
whereas,1.0708593451571122
skill,7.365363527445752
sick,0.24652962390104133
friend,0.03261913376858105
form,0.24223072590849715
mean,0.04538191269880799
believe,0.04282518522281881
point,0.0
respect,1.2833014821732331
however,0.08826353843263107
success,2.721995460589189
competition,5.545247714847718
higher,0.25667807540111104
rankings,4.339785422448216
obviously,0.1344862963068003
increased,1.0957894719200307
weekends,2.621675303722693
harder,0.1671633873157349
compete,4.974079972963382
realize,0.09884533777486304
opinions,0.8495268668595374
blame,0.7497120821720221
guess,0.0664961727444049
thinking,0.0
m,0.2226488739174653
things,0.0
admit,0.7523466657573594
cool,0.0
odd,0.4531788521730975
away,0.06136145942374038
‚òÖ,62.243212036235946
fc,244.01721175144564
scores,19.21964781643146
superbowl,19.63356876161057
sociedad,143.87699137086867
army,1.2533782735220562
wo,0.04282518522281881
glory,14.48822729516053
hunter,5.341464602937409
rather,0.04219949424164157
leverkusen,181.46631614293946
speed,0.5449329711822132
moments,21.419689897917806
paul,14.492747706101147
l,1.5884138965865922
‡πÄ‡∏î‡∏¥‡∏°‡∏û‡∏±‡∏ô‡∏Å‡∏µ‡∏¨‡∏≤‡∏≠‡∏≠‡∏ô‡πÑ‡∏•‡∏ô‡πå,73.55641102974253
spain,27.699087441558703
oct,7.621847694023145
lol,0.20480017476293438
las,26.067555321099213
palmas,117.7343228721278
haha,0.33365608924358003
osasuna,123.94364575439707
drawing,1.0579988008213155
board,0.6969349840634238
dapatkan,33.31246961207154
baccarat,73.28901730926412
‡πÅ‡∏ó‡∏á‡∏ö‡∏≠‡∏•‡∏≠‡∏≠‡∏ô‡πÑ‡∏•‡∏ô‡πå,166.5623480603577
valencia,159.30964423091024
il,7.025087361371699
referee,108.45310418406322
bet,0.4458092888545612
european,18.72761298046729
magical,3.1949260922371754
trophy,23.598056939958727
effort,0.14157250611092753
dele,52.777455080609016
alli,75.97740117850859
50,0.29489531826369003
million,2.004656069769429
agen,314.39416113606
chennaiyin,43.799201700143
pune,35.94440987280691
hoffenheim,79.00904533182475
borussia,248.20591668636314
savage,2.4748871576298352
admits,4.637679151448287
used,0.0441035489608134
performance,3.982904910716211
Ÿà,83.75525073274338
leader,1.7835243582114244
iran,6.2319676010494405
south,3.0796597617907677
korea,4.706383821670893
tuesday,2.1111919030328052
evening,1.2296378722903627
russia,9.46407263952813
asian,2.9083574044669254
qualifiers,40.170671445135696
stoke,141.7308246316414
Ô∏è,16.892144148618215
02,11.336559056421255
riyad,24.353672265931266
mahrez,56.0445426482608
2015,3.7089231392848605
rape,2.5434898169443705
mod,0.8060212593695959
six,0.996949983011618
ran,0.3067509390845909
tried,0.05440004642140445
mess,0.2705456666389863
gave,0.08965753087120021
/r/fantasyfootball,217.2814084291489
k·∫øt,68.74578571101709
qu·∫£,47.95899712362289
months,0.02813299616109438
thread,0.02303264212939296
links,0.3209303804732462
vote,0.8006711923960732
threads,0.5584355169940469
decisions,1.5000592656388967
ranieri,180.85928707612035
lord,1.0351764073858358
decides,1.8647856356271761
analysis,3.724391110002738
luis,107.80859848364517
guys,0.06905371784995894
genoa,43.498880934433075
undefeated,8.97479735979363
gol,42.61534756789094
‡πÄ‡∏ß‡πá‡∏ö‡πÅ‡∏ó‡∏á‡∏ö‡∏≠‡∏•,126.58738452587185
predictions,45.80700356688501
29,4.530276396388277
paris,17.975782002624914
saint,17.683481649417104
germain,55.00142473290476
quite,0.074168808061067
clearly,0.28296210013297207
lee,5.867880835891395
6th,1.7221355781194327
s.,3.2500100405712535
johnson,5.05446929722436
g.,4.8102517451181095
tough,0.6680212722106711
crack,0.9739759815497728
opponents,9.879102829616537
reviews,2.0154833325660815
lots,0.0806917777840802
trainers,8.23022893372238
hard,0.0
changing,0.33791389185897613
fast,0.1346158455792994
brazilian,44.754918693155226
2002,9.631901536016406
complete,0.14812501297987812
portuguese,5.596357563852746
school,0.1746964634755425
myself,0.06909792638817888
upcoming,1.3202225824342348
eye,0.27844724653863034
international,8.764948634438364
el,27.152000574614807
others,0.01917545606991887
having,0.0
cultural,3.4942538286576696
solve,1.3094284399715277
itself,0.05377727483068027
kind,0.0
brazilians,18.654084657023816
supported,2.211653666916685
entire,0.06080005188274615
¬©,21.226191756063407
our,0.0
paulo,21.986875955143812
arguably,3.3010278833573317
counting,1.0601175013506605
forwards,4.279270311591998
base,0.5863938868691628
bull,10.719145276255116
existing,0.8816656673510963
completely,0.08189383868228609
identity,1.6134190107820596
25,0.7248353414468062
brand,0.6515061762036665
logo,2.48215628863549
extreme,0.8798882830377451
alternatively,2.3945739589361077
enter,0.638212019421768
seem,0.06010230998051982
term,0.6403350453922434
mourinho,447.3449211609587
henrikh,51.584165256380345
mkhitaryan,54.269133107016444
injured,13.770300415714102
conference,7.606144123154847
tennis,4.6700941758386785
powerful,0.6217704932331922
facebook,0.6373817136508504
ask,0.017257910462926983
sleeve,3.9813441628057515
roll,0.4166963296312286
dybala,89.30538690156177
pl,79.40943551085286
topic,0.2758414435322742
line,0.06905371784995894
ups,3.3575606634592376
03h05,36.77820551487127
cua,25.265280049901037
loss,1.2486406560631096
golden,2.431593480666377
oleh,36.10891567946624
isco,43.11118665250831
derbies,21.799544147101315
bournemouth,204.8831362749994
tyrone,11.894536802768396
mings,31.256885415546623
‡πÅ‡∏ó‡∏á‡∏ö‡∏≠‡∏•,102.97897544163955
sbobet,183.60809391362457
mu,25.132027409357793
90,0.30253466158748593
v√†,39.797686331599735
miss,0.25401023424369235
everton,333.630943670497
lukaku,55.43978244500718
copenhagen,21.68260644203681
ajax,99.20694103521812
maret,200.16004529500077
33,2.2657536194950607
blasters,27.912929115064173
goa,39.67393536295299
08,14.989756912573641
ƒë·ªôi,65.66281416039799
h√¨nh,34.1167891969275
si√™u,27.49831428440684
t,0.5068708377884642
continue,0.32496046984183935
scoring,18.435336261363528
kit,5.815860873964612
san,9.797137365034441
marino,15.98575932447066
membuat,27.819408168730995
entering,1.2492748674649103
peak,2.6317165476886744
wc,20.79868556203544
qualification,20.265814307274518
commentary,5.796541677282766
ÿßŸÑÿ£ŸáŸÑŸâ,183.89102757435634
save,0.10843822900416351
turkish,6.991954182726638
basics,1.8638917575265557
2010,7.100834160692943
seems,0.040268457746829626
impossible,0.9472591947891644
third,0.12179528885746135
horrible,0.6297042467236967
utd,232.74535979386593
rumours,19.212528143325372
giving,0.02494404347009139
greece,11.490651762493261
turkey,5.0339853392237535
morocco,14.76031921569637
algeria,23.814998114957277
argentina,55.2947363487031
india,7.03198951346101
pakistan,13.998037335094228
cameroon,45.85099618430706
nigeria,11.799416238946517
enrique,76.18956620821318
mistakes,1.1290935105848787
report,0.4526642738189034
saturday,2.579268029982707
nbc,18.853630313955883
computer,0.2287980857473338
fernandinho,28.299502640153968
cdm,18.21034518134973
gt,0.0
tired,0.8611001733811434
trained,1.7266461783351228
run,0.08250722070876383
40,0.40712559457990255
ago,0.0
despite,0.5114820641692082
lead,0.32644500094910067
conmebol,25.265280049901037
guardian,3.711284422973471
wayne,28.526830411178757
koeman,32.08136666514131
women,3.008090697814255
texas,1.6996434124351212
tournament,18.01043384703786
s,0.03579418466384855
ones,0.017257910462926983
without,0.0
nike,22.921599466760537
adidas,12.875503299472802
missing,0.17302194707749796
honestly,0.18339287321318246
steal,0.6544384860314123
mention,0.11538501049654235
bench,9.879817734052743
tactical,26.531475931870386
moving,0.337734309738304
c√≥,23.15480124904664
c·ªßa,91.20703299563615
happy,0.0
while,0.05241291325777824
rivals,23.865125784184155
shirts,5.934796525695813
van,15.7124070964418
persie,32.08136666514131
left,0.025567274759891824
tho,0.5082080352866079
view,0.09875000865325209
strachan,26.380997806472088
pick,0.1408001201495174
reputation,1.4245849785698845
udinese,63.319547891421294
ac,32.19503539590368
milan,242.46501198647445
potential,0.6710362500804239
sign,0.46760473166590105
dimitri,23.18812884597792
payet,71.44430952124942
ten,1.6282090032382608
oldest,2.969864589155802
strength,1.2825156809458589
read,0.03323745718785937
xu·∫•t,22.612138794590187
s·∫Øc,24.353672265931266
theo,12.683364527487669
c,0.24161178048226872
foreign,2.7645670836458565
countries,6.981256292277338
particularly,0.25852562922993555
wearing,1.1212812830877248
spend,0.2026405858429824
piss,1.8182351731370543
shit,0.16378767736457217
super,0.2240001911469595
ultimate,2.2923307351128503
michael,7.327863398881473
tr·ª±c,24.353672265931266
tuy·∫øn,25.792082628190172
h√¥m,58.03819517423859
nay,15.862907688640389
bc,1.0759402993654759
rugby,14.55743749391762
enjoy,0.22414382717800052
philosophy,2.6094484605371777
looked,0.19750001730650418
terms,0.430196353132629
local,1.4601051700214158
age,1.1769898605616584
√∞¬ü¬ò¬Ç,2.360385832248281
sunday,2.765668021265846
footy,21.952933784587028
culture,2.5669699765089216
decent,0.5099908325865455
meet,0.3836115481269061
besides,0.20883543490397277
enjoying,0.8654153991664675
yourself,0.030700361193958633
beautiful,1.2290398877810538
ŸÖŸäÿ≥Ÿä,88.26769323569104
ÿ£ŸÅÿ∂ŸÑ,59.49294996211059
ŸÑÿßÿπÿ®,73.55641102974253
championships,9.523920643082889
kinda,0.11681721737029267
freekick,42.20146887045104
challenge,3.1056836552147735
sites,2.144020423429463
checking,0.23549152717531566
literally,0.03645667891782588
website,0.6172382457989894
visit,0.7514810784176589
annoying,0.5893164484169863
sometimes,0.030690541266648417
fell,0.4266410844761438
content,0.20188712903881037
sadly,0.32870616520138846
mumbai,31.015761444177286
kolkata,63.20693403521375
zinedine,48.68757858527046
busquets,31.256885415546623
‡πÅ‡∏ó‡∏á‡∏ö‡∏≠‡∏•‡∏ú‡πà‡∏≤‡∏ô‡∏°‡∏∑‡∏≠‡∏ñ‡∏∑‡∏≠,66.20076992676829
vines,63.66212800466415
bizzare,12.779366575566314
epic,7.299409747900266
menjadi,30.950499153828204
2014,3.19169483832666
aston,54.05085033269067
villa,67.01896536629559
signed,1.6496506864204608
opportunity,0.5473009610778853
deposit,15.685917173996263
favorite,0.4164570864427475
dallas,6.801935433852752
mexico,11.258627050649839
bottom,0.3166532402288131
placed,1.3380527768580461
georgia,11.835358674315456
tech,1.1600325255991206
southern,1.905810959746042
human,0.4886499041008765
tickets,21.985651754743923
hopefully,0.1503872812154366
boys,2.4368927860565166
tin,8.433860879848076
changes,0.44754680614805714
mentality,3.5439548090477766
heads,0.4413463096516387
confidence,1.9204718143184
park,2.1603953143350676
anfield,21.799544147101315
100,0.0
tourists,5.745325881246631
ticket,6.670354442345559
prices,2.0576732628124006
absurd,1.5059572242065653
disgraceful,11.42439200715311
ipswich,23.72666232787259
subscribe,13.802076997243038
etienne,76.44529526318195
nancy,7.237790824026613
mane,11.089399858909664
joke,0.46016378408219927
forfeit,7.648204977969017
target,0.7497120821720221
lay,1.2863758837425747
dengan,105.86885097138752
villarreal,142.07462380276866
anyway,0.07421629130582176
forest,6.068688520424076
sutton,45.572294841569146
knock,1.753156766789591
gunners,20.028886712437092
happened,0.20499724561020938
hit,0.09280007918945464
popular,0.5917003988945895
titles,4.01264746954392
felt,0.1286191364240782
misses,7.969011493967512
cf,11.136494074846457
called,0.029402365973875598
showed,0.6054346509745971
general,0.12103766667612029
understand,0.02492809289089453
sad,0.18298696815826596
heard,0.028124002235881008
reports,2.18982292437008
quick,0.07174903596357328
charlton,32.12506376582721
march,1.233619452045145
fenerbahce,67.06968443717804
four,0.3596691895084699
trafford,54.30863454414201
kevin,11.17534183060029
bruyne,79.40163822854063
cska,50.641762644541245
moscow,9.908288951776754
tim,9.405187774049029
prefer,0.17100823357640765
ok,0.04988808694018278
struggle,1.6299658087222704
26,5.301370457965107
company,0.17900160227088496
wolfsburg,64.95686779151879
name,0.03259827531886208
marketing,1.2987394093836102
selling,1.1991025214321964
product,0.48262487438576507
dumb,0.17888086582641824
sponsors,10.353473472369894
okay,0.02110649832084656
return,0.5840420680085664
lives,0.42388474891556815
promote,2.1568671713187046
close,0.02748482036688371
villareal,54.99662856881368
comparison,0.9539307225858524
beats,2.2931027462718316
profile,1.5849280662649745
bradley,10.564416295415706
cities,1.8823221792457363
young,3.0613898532791035
retirement,8.371560685242065
drogba,54.99662856881368
careers,4.861748655839003
competitive,5.970359344409415
relative,1.1827626338696
ease,1.9204718143184
none,0.13478909696572233
attractive,3.788698271862752
status,0.7798951115963254
wise,0.29063272925709077
u19,85.29197299231875
vi·ªát,71.01898363464724
nam,49.90469349434512
23/10/2016,36.77820551487127
eredivisie,49.11796279585898
sparta,18.760046471023983
jadwal,119.92489060345754
lengkap,81.34137458597986
siaran,73.28743314655739
langsung,68.82731695736757
inggris,86.19304785810229
23,5.497283282663863
taruhan,183.60809391362457
pertandingan,97.6854542391826
18,1.0618946691064843
okt,68.95443828648183
according,0.1425890535748037
gear,1.3256259018843084
tie,1.341860930421945
quarter,4.930471569401115
schedule,2.0703528147716717
togel,26.380997806472088
menang,118.64358008967478
standing,0.9921894782752361
wondered,1.1558142024041478
yellows,13.608268606451215
happen,0.05754476487496578
northern,5.555993541625977
ireland,17.796284245664534
n,0.47382267360266656
¬ª,3.600436451201608
trong,77.79810400349054
v√£,16.14253358964581
tonight,1.1885504674155447
knows,0.057563177238672436
managers,21.340155589350097
boca,14.684002475888278
strong,0.2215105404021114
front,0.1639977964881675
net,2.6642153899624526
definitely,0.08184144337772911
clip,1.7851484105136781
shows,0.09218961399545189
needs,0.08445302114110753
04,20.70054252306656
hotspur,144.7176882853772
millwall,51.17518379539125
paying,0.29063272925709077
doubt,0.27745908904939104
true,0.03259827531886208
unless,0.064000054613417
bonus,1.4098508023373084
included,0.2042284239375203
extremely,0.10922048824581113
stupid,0.19750001730650418
abuse,4.484103834175731
agreement,1.7041337584935436
release,0.6589663324746895
original,0.16934015616246156
i.e.,0.6257767176122377
sale,1.2002196190750376
clean,0.19878401386115713
cut,0.03074958684153141
furthermore,2.062593400774126
extended,6.973301163114864
suddenly,0.636376475310704
01,13.451101858807556
five,0.8002848418820857
via,0.35717423533862436
weeks,0.1282055672183804
expect,0.05440004642140445
perform,1.6007281810115068
boxing,4.116534053759521
christiano,42.20959649035534
possibly,0.1966602908201863
add,0.014062001117940504
adam,5.325805749706366
lallana,49.11796279585898
keane,46.62405177134746
syndicates,35.05493501264195
related,0.19292870463611733
tipsters,57.46203190540153
myths,6.2878341040400665
syndicate,10.042667861283924
business,0.3963978852428173
profit,1.6835597438166594
value,0.4054966702307714
running,0.09224876052459423
activity,1.0719799031188124
‚Ä¶,3.900012048685504
truth,0.5775429937409782
bets,7.750019656893045
positive,0.3643864420640472
margin,2.5861795106345493
bigger,0.3601281788469386
influence,1.435092567656877
inside,0.10249862280510469
advice,0.5295691016372626
exist,0.25666029643464666
difficult,0.18870473575201124
secret,0.3635081190697397
connection,0.5036243765213146
tipster,26.380997806472088
claim,0.3747195379475614
advantage,1.9539026199805776
blind,1.241729680234373
bettors,30.950499153828204
information,0.14198663471955444
needed,0.0511836491764288
record,1.4950952282810257
ridiculous,0.6894016779464948
fixed,0.4813043278679778
management,2.080818317847995
cheating,2.5063158399462897
court,2.6410452361892776
practice,1.4703312884503683
cricket,17.734295226261533
keeps,0.2703311134871809
breaking,0.7668773477114773
law,0.7899022612634863
source,0.1621124686743859
illegal,2.431073616441282
legal,1.3917994769904696
provide,0.3687119663343162
types,0.6863520175932776
involvement,4.636222042930134
earn,3.041023792010442
service,0.40900125211278787
planning,0.1908632206316203
guarantee,1.0587633872955138
details,0.2589141393274149
holding,0.28091312561211246
distance,1.3908140859700242
david,17.671241086716623
gea,17.747516761584517
langkah,28.731015952700766
blackjack,29.99912008187775
kemenangan,29.846733709271813
eden,35.54866019749043
hazard,28.364505157711392
amp;amp,25.265727453829847
2016/17,159.33575702372684
refs,22.30167453217262
positions,5.277979757582013
fault,0.4952910418483894
redskins,18.094695349560123
forgot,0.1390884088872397
finding,0.1335914132460031
streams,9.857663798457047
newcastle,81.20788830540198
usa,4.719867406101842
donovan,13.185711158395797
dempsey,17.11907735124964
coaches,19.835983639859514
biased,2.247422726779068
hell,0.07172602469696017
captain,8.738239612885167
problems,0.09829843942123001
realistically,2.018066695555255
rm,13.453433695940097
wasted,1.1921084301517029
chances,1.9304994975430603
max,0.9386650764183566
mental,1.4171177328507945
ability,0.9450302249539918
react,1.2904612617973041
situation,0.28056283899954065
awareness,2.564140858997856
footballer,86.69198952959009
especially,0.04475703934719561
midfielders,46.678862402094325
runner,2.9013750601893107
agent,2.661590228628112
look,0.0
ibcbet,79.9499270689717
finally,0.07680006553610039
spot,0.2958240137753799
slip,1.9593212329475493
mind,0.02748482036688371
th·∫ø,53.26807934438603
gi·ªõi,54.30863454414201
sam,3.2909200305760535
wonderful,0.4662151801715509
panna,60.41868172433657
scotland,25.451768031966296
canada,2.512280936210233
19:45bst,313.1372143534725
leganes,59.50704049310834
gijon,85.90195216966353
da,4.058652135325594
doi,35.05493501264195
robinho,94.97159210329951
received,0.49094188116027604
r/soccerstreams,31.65699431242626
stick,0.16988700733311304
route,0.6556381372307555
bandar,37.981321983405934
bulgaria,21.033676749276236
belarus,13.185711158395797
names,0.7553943708249024
minnesota,4.645763227582814
ballon,89.95017854431619
d‚Äôor,33.31246961207154
‡πÄ‡∏ß‡πá‡∏ö‡πÅ‡∏ó‡∏á‡∏ö‡∏≠‡∏•‡∏ó‡∏µ‡πà‡∏î‡∏µ‡∏ó‡∏µ‡πà‡∏™‡∏∏‡∏î,102.97897544163955
ole,5.463956836622432
th·ªÉ,44.11202123807813
thao,37.73267018687196
war,1.2430458134572757
reply,0.20188712903881037
upon,0.17402952908664396
decide,0.2163597471579284
due,0.08445302114110753
tip,0.3594361813498307
wondering,0.07507262007980552
qualifying,22.729814104126323
stage,2.2728701271818856
scholes,50.4135761880792
argument,0.49671931641786576
dangerous,1.1212812830877248
areas,0.6756748241400711
dive,4.885242265920982
moves,2.2746897206586785
fang69,102.97897544163955
don,2.9819291615528027
bao,20.557603466243588
con,2.952597148542614
nguoi,29.846733709271813
malaga,125.32761817878924
del,27.97182418322202
titans,6.624779213564952
wigan,35.58999349180888
ankles,6.72186964285046
area,0.2565123503646115
southampton,261.69459697603656
pool,0.9627226967732694
showing,0.16752969135374474
stays,1.906178901978903
event,0.3821465776843801
push,0.40811709846987365
excellent,0.4878743202988521
recommend,0.3201139367528343
watched,2.2299617654213812
dublin,13.21486902654442
sitting,0.25043321215698555
imagine,0.12812327850638086
/r/soccer,88.51433199421348
passing,1.853922760811999
sorry,0.06715704011178451
mate,4.5152404162496556
eat,0.21210357941976027
munich,113.65143296716896
legend,11.907487379311391
son,1.898615660418826
alaves,103.16833051276069
spanish,10.139441970742796
ŸÖŸáÿßÿ±ÿßÿ™,36.77820551487127
ŸÉÿ±ÿ©,79.9499270689717
ÿßŸÑŸÇÿØŸÖ,79.9499270689717
awesome,0.2106951975473205
lazio,74.11845010014447
chievo,27.048654769594698
moment,0.1658664321117204
terry,11.745607970937161
sense,0.018536274200921573
men,2.3636840511540433
lille,33.00085483974286
indeed,0.37897800858252756
bottle,1.3780730152583165
julian,7.662976037456174
draxler,49.74670534809841
1080p,9.830185563443669
instead,0.014701182986937799
martial,11.013981683945932
currently,0.12111536295424857
rashford,99.49341069619682
personal,0.08651097353874898
preference,1.0838705151436496
fit,0.20455358935316503
renato,33.76117509636083
shaw,16.471693474582228
alaba,41.247471426610254
xi,55.14564619528638
training,7.502128797240117
ÿ∂ÿØ,68.95443828648183
coming,0.0
air,0.25235891129851296
announcement,1.8177233777918285
physically,1.4345775176720899
strongest,2.6276129588336907
weight,0.7834674065136873
room,0.0499360409142031
themselves,0.1926178612192273
accept,0.3500395111767111
mid,1.2108693019491943
extent,0.7723510984628754
roberto,37.30010509043154
firmino,40.1874241057028
jack,1.4982602809853787
crisis,3.4403672469102844
talks,2.1877023256830945
greatest,7.176200211761438
wikipedia,1.615084209731236
exact,0.11727078394762133
r,0.5077953881595695
cold,0.3484674920317119
extra,0.15887286534791228
came,0.019814637938916163
x,0.09169643660659123
spirit,1.8860322606203357
pack,0.5428025919424857
comedy,6.871106550047503
pundits,10.236867027865244
sweden,7.069533925269021
nor,0.2690008623009027
stars,2.956906584674
strike,1.7979381814232542
night,0.05372563208942761
host,4.391176656655109
brilliant,5.145503534970299
helps,0.2627225501203416
north,4.206583152215373
steven,10.989975911864352
mk,13.691890976898158
dons,25.958137910407537
forget,0.11274848508561516
stake,3.684510597285171
andrea,11.593442502803121
attacker,5.442202772164456
late,0.056302014094071685
wing,1.948701761148799
pure,0.47177691367890523
turned,0.1966602908201863
shoulder,1.83613960487331
shown,0.5487536343993875
eg,2.53287410170398
defoe,31.373231187912857
snodgrass,40.1874241057028
strategy,1.8751091978376975
worked,0.11991072479323468
ÿ¥ÿßŸáÿØ,38.32553396410174
ŸáÿØŸÅ,59.96244530172877
xhaka,35.72215476062471
Ÿáÿ∞ÿß,72.21783135893249
ÿßŸÑŸÑÿßÿπÿ®,73.55641102974253
horrific,5.001212532635636
injuries,13.776120985996217
songs,1.5624059349295676
toure,33.76117509636083
picks,4.757148062929736
jitu,33.31246961207154
rica,9.878718747168971
ghana,22.53249755149173
dives,9.37576496754066
eyes,0.2848055532601564
sends,1.9275190383525034
wtf,1.2857584515311176
terbaik,133.85913741474883
torino,55.381191852669104
18:00bst,58.84512882379403
bbc,24.62492010978364
hasil,43.27784763135152
dominate,10.254122362697796
bpl,42.78895720191979
worldwide,6.354209478389587
seasons,14.989937649578842
vs.,3.817579542019491
norwich,42.18197410441225
town,1.6773688462992098
16:00bst,36.77820551487127
enjoyed,0.48135283856487887
write,0.09003339549685475
rid,0.7839337634276965
star,2.362802773953308
finished,0.32198555848755284
3rd,1.3727040351865551
went,0.07544758061384403
charge,0.8939409859062036
horse,1.0799038350466703
adapt,3.8087389026157052
poor,0.250242066932685
blow,0.834368956816317
‡∏™‡∏°‡∏±‡∏Ñ‡∏£,139.91237237070047
‡πÄ‡∏î‡∏¥‡∏°‡∏û‡∏±‡∏ô‡∏Å‡∏µ‡∏¨‡∏≤,102.97897544163955
humiliate,9.675530518509838
gone,0.12103766667612029
drink,0.7028655724793313
un,1.9479519630995457
dead,0.10993386444197636
meaning,0.2625794022053832
counter,1.943422771590482
opposing,2.771790342513167
attempt,0.41541394782533936
essentially,0.4843688475268932
attack,2.6637667329346337
switch,0.18550777203176075
throughout,0.38751030567612105
defenders,20.18221465842767
knowing,0.2949695730674529
calling,0.32816960416328905
river,3.1323644012016043
feels,0.1856748300178789
√¢¬ô¬™,18.760046471023983
√¢¬ô,11.558755671469811
¬´,14.20143611707823
que,7.816051468154707
se,2.875468827544481
te,4.309436315612837
le,6.0068969765214035
thu,20.21861892537562
d.,3.205553118919326
preston,13.682803726442561
efl,117.7343228721278
expansion,3.720255862616696
32,2.1941091204300203
48,2.849169957139769
decision,1.3622279646928435
politics,1.5983876876804366
ultimately,0.6253897478248073
african,9.879817734052743
confederations,25.587591897695624
longer,0.04094691934114304
standards,1.1917786117568592
iceland,6.648875645744696
euro,27.02811582854211
facilities,5.483509921961721
manage,0.631210990063212
stadiums,36.137881495905084
remember,0.03579418466384855
bus,1.6269779755337146
toulouse,17.972204936403454
wrote,0.43002218370405276
promising,2.0289232398674057
honest,0.13855103686019582
feedback,0.9202528172537727
conversation,0.9832270511708545
active,0.4227156407585614
answer,0.07291335783565175
alabama,10.135196842531023
jadi,27.819408168730995
stones,5.2000160649140055
tu,10.21545839587063
glad,0.04225357308124878
asking,0.09615417541378528
stubhub,12.620206049565741
pescara,26.380997806472088
cagliari,73.86679385812184
emotional,3.7062379325197803
permainan,45.47750408982187
dadu,125.35628157894162
knockout,18.708441694835987
alexis,74.19803201793998
sanchez,116.98316311016512
fitness,10.74088944125637
means,0.052429674663857714
effect,0.28629483094743047
wenger,350.5493501264195
wilshere,36.1794220713443
paper,0.5086767623710834
capable,0.9468708637521276
reality,0.43594637694577054
sony,5.536206061410446
allegations,11.989741590118987
lads,5.311109120638861
dau,34.48894932200665
child,1.0878354204002854
sex,1.4779059564408707
claims,1.5211810233072613
massive,0.5607202252629838
hole,0.4615574274870864
lets,0.31602726631362654
jari,23.953458727563586
bobby,11.129367357327148
corner,2.792177584970235
gooner,24.788729150879412
race,1.0413766048840587
perhaps,0.14386767580338794
finishing,2.706511114184112
stretch,1.70254087393837
including,0.14446339591442048
test,0.2589141393274149
photo,1.6007972595294149
taken,0.051806859514805195
raiders,6.576931958484198
nfl,69.8198815797095
october,5.918542450274277
usc,10.066534255047213
arms,1.245010807453394
salute,5.5283293035738525
sturridge,34.879270635362104
weird,0.0641027836091902
dance,1.3054084135794382
previous,0.3622997954531891
rumors,3.0521877803332442
besiktas,71.44430952124942
r/handegg,36.77820551487127
adult,2.0831264172467705
atmosphere,6.598818222768301
terrible,0.0873763905966489
groups,1.0349226784690886
officials,5.732646537680639
winning,16.490833283765223
cost,0.19042625055364204
regular,0.1557297567220203
kept,0.17419898657660465
anthony,6.481451374545815
breaks,0.9309582116258774
considered,0.22651600977748407
flag,1.4071802224241352
negative,0.3067509390845909
reaction,2.175636272175179
chants,19.274977404792
classic,0.6065703175871638
banter,5.153196676730347
gomes,18.59027471623934
awards,3.606222020917748
winner,10.649663156945604
relegated,23.337322333064222
aff,45.953459998889386
university,1.515001030724924
tax,2.6473128089427
cheaper,0.8379966019367251
owen,23.792446129952108
chris,4.103261961204427
absolute,0.6593762760908839
sepak,31.285144071530716
cunt,7.904709489884192
wembley,15.983790098072909
battle,2.1733682878695975
zagreb,18.460397284223035
serbia,9.742346657570675
usual,0.4178586355334181
standard,0.27860564552622485
uni,2.8446207618458637
living,0.2792627645422947
whilst,3.9267198851475005
livgoals,36.77820551487127
passion,4.13421904577495
various,0.3638044189915118
control,0.21614995823251454
land,0.40848277598717886
younger,1.5297990645101602
putting,0.16195553361662401
legs,3.6374849140074876
juggling,9.871543460573749
kicking,2.2657536194950607
build,0.2026405858429824
aresnal,33.31246961207154
relatively,0.6781430349332118
consistent,1.3819767127772091
happening,0.28922913743415246
struggling,2.4000948250222347
c√°c,33.09412222484842
pha,20.29902118484962
colin,9.834989852705688
kaepernick,19.253296418903133
list,0.04731458445274964
easily,0.1346158455792994
shooter,3.731459299034366
runs,0.4575680117288517
trophies,22.078636072446756
msn,48.80250366899186
viet,17.4167465676307
cho,23.369857347316337
vui,24.353672265931266
√∂zil,51.584165256380345
patriots,25.19633081084058
falcons,13.608870173486043
bowl,14.538355708707135
results,0.5793507553548869
loyalty,5.509474484360376
rival,5.064090464950444
shirt,7.593303715317991
purchase,1.0241059245994097
bought,0.47516215435610765
everywhere,0.11635948522595613
/r,8.298195694247203
sir,1.720159613686953
ferguson,17.41595493331771
zimbabwe,15.416446559335322
highlight,7.986552405398687
increase,1.2822991464683495
clause,10.055637960743743
trade,0.6559980719005194
fees,2.6573896948864646
tiny,0.2556257825704924
hence,0.919931269750301
weekly,1.725249767685358
ultras,30.118356811205697
sit,0.3490784556778684
eh,0.44966344553707366
o,0.5812654585141815
known,0.11991072479323468
falcao,26.791616070468535
james,8.680829287901767
consistency,2.396882455417437
marcelo,18.333808244301586
rodriguez,17.16923960106266
throw,0.8126941707130857
cover,0.12637351604960417
kids,0.6636841681915526
beer,1.0719799031188124
loan,10.254122362697796
marcus,8.524481444127996
gundogan,27.49831428440684
depends,0.5574947012809043
feyenoord,77.91189047248604
st,10.864425505323194
cam,6.332911150522015
wingers,8.73084653894647
unlikely,1.5884138965865922
moyes,63.968979744239064
gaal,31.65699431242626
ÿ®ÿßŸÑŸÅŸäÿØŸäŸà,47.7547739348349
prevent,0.5642159009024902
london,19.41588695117363
injury,21.294654853584646
oscar,12.440075870733828
boots,10.86956077957586
earning,3.213424511485919
goalkeeper,130.03798429438513
gloves,3.662428520939349
expensive,0.9419661087012626
afcon,28.957356946742365
birthday,0.8060212593695959
u.s.,2.4925118031276905
threw,0.7204218483022612
du,5.9703348784549854
bong,9.58432368382871
balanced,1.7221355781194327
particular,0.19355442952956073
frequent,1.420338693813608
aware,0.24155111349868008
award,11.660218930808114
bar√£¬ßa,50.1310472715157
bilbao,184.38950542287472
lately,0.5439177102001427
fucked,0.7491843936378657
sky,2.772623857423859
joe,7.73123084847735
clasico,137.9557972880266
traditionally,3.6181966278931177
choice,0.1584866423907005
wear,0.8168098334436771
shares,2.7053419980744917
stock,0.8203883721311604
victor,8.985544691389848
signs,1.380235209847781
friendly,0.6563240834563333
20:00bst,88.26769323569104
block,0.5227857642212538
talented,2.921496332701056
rabiot,23.953458727563586
matuidi,24.353672265931266
impact,0.6826257351618301
maria,20.9195364502647
oh,0.02620645662888912
boy,0.7996089339832525
21,1.8048218554405568
lad,3.826700273887838
panenka,31.285144071530716
toni,20.903352753550624
kroos,67.83641638377055
transformation,8.598452918988892
puskas,56.74258178201838
killing,0.4266410844761438
drills,13.394839432759
growing,0.478659014566326
born,2.4611651163934813
grew,0.8645062179627134
easier,0.16286103736076615
info,0.08550411678820383
advance,0.438363962410301
saints,6.918633514717986
karim,19.941726364938898
benzema,66.97904017617134
vidal,17.63499853242579
exciting,4.405385623705426
journey,1.8008582506842676
taking,0.0
stay,0.04988808694018278
supporting,5.1357729571060595
suggest,0.20574608193299648
stories,1.4267775732660168
direction,0.30161323410159147
learned,0.2992412508700089
led,0.7449823210190524
ya,0.3075059024319784
finish,0.8533357513460994
01h00,56.313259328755294
hockey,7.312787081112592
dribble,12.43462424541759
bins,7.7525306702888255
nobody,0.21865253192093298
arena,2.8502672898316206
emirates,19.66241042418674
supports,2.1022978174415137
lower,0.5840420680085664
spots,2.5865367424644754
recall,0.7867627363321912
later,0.021739133397209294
masa,15.257880048850419
arsene,130.7972648826079
saat,23.582918866794973
ini,38.09276960642465
dari,67.80186964079226
pada,24.820591668636315
jail,2.8886556451257555
fall,0.18322310740329392
depending,0.49305924780208266
threat,2.985561489639713
sun,0.760948039075209
dec,4.231777438262454
7th,2.170248766506385
.watch,36.77820551487127
dalam,53.57807898504879
risk,0.6782356831614446
funniest,13.57307201703505
animated,3.936844576875454
commercial,3.3478474503636315
ŸÅÿßÿ≥Ÿà,36.77820551487127
rate,0.35114140701514057
kid,0.44788310105207807
athlete,8.78378812073292
gives,0.06145974266363459
06,8.957366485967187
generation,1.7557122867145742
major,0.20765285505706646
australia,3.468385648459679
codes,2.2745521946454046
robert,9.75003012171376
lewandowski,82.98668761939916
bravo,11.811809999996422
retires,8.622146605764438
god,0.07298344441306608
blue,0.37186603384391037
badge,8.647756508159535
genuine,2.204504819958836
verdict,7.359545357482252
fake,0.5086767623710834
leo,12.441909410687831
stopped,0.22712302016866168
commercials,4.974877460420781
oklahoma,7.116182222896786
13,1.0951822260849855
bullshit,0.9295818581276347
bill,1.5521621002929662
ramos,97.65043231264268
non,0.04731458445274964
nominees,13.734094896353243
bayer,83.6134110142025
mar,9.916310622589023
several,0.10762355394535993
offers,1.3433743035180115
wanna,0.12787051604230204
track,0.17110686428976443
mad,0.7523466657573594
lucky,0.3354135952054608
cheap,0.3354135952054608
created,0.6420363945320546
ŸÖÿ¥ÿßŸáÿØÿ©,94.97159210329951
ÿßŸÑŸäŸàŸÖ,67.06968443717804
ÿ®ÿ´,105.52399122588835
ŸÖÿ®ÿßÿ¥ÿ±,114.0281540940453
century,2.512717303584006
book,0.22288451642097987
except,0.023025270895468974
crowd,3.5981274479716943
ref,43.34749389011019
defend,2.5891972447949336
awful,0.7157521911973788
legendary,6.015439208630782
olivier,23.18812884597792
futsal,39.23917946478237
pel√£,36.93339692906092
e,0.39562224976825083
com,5.22603520403401
fire,0.2903316442943411
steelers,22.61890902167491
girl,0.6291560161271711
expectations,1.3436555550440543
consistently,1.5664424252614984
unstoppable,7.294651396880107
banned,2.0956552743609493
arda,22.326346725390444
turan,27.134566553508222
thrown,0.9417520335423053
disgusting,3.1715337975285585
nah,0.5064314144030102
historic,4.818799295637981
calls,0.4475616170890131
cute,0.727807374017328
bein,19.089037313079437
wild,0.5924279528528311
claudio,59.915571045280466
sacked,33.37889206373148
mancini,22.056010619039064
favourite,3.408344848185083
thiago,64.95686779151879
legends,10.469505075320969
happens,0.08450714616249756
closest,1.2600670929068805
salary,3.5297878662531694
generally,0.1771374832323654
rome,5.722343437482409
‚ñ∂,27.134566553508222
explanation,0.4755925244220056
regardless,0.19180577406345306
blog,3.741252540184026
request,0.42903778067429293
horror,1.6460714713730895
ath,17.477939078903624
üòÄ,30.639576459535437
thinks,0.4813043278679778
otherwise,0.07188751838171857
podcast,3.4136372927385428
pepe,12.200762118925148
ion,7.782742242568638
became,0.6263140701118749
tbh,0.699643890872179
expected,0.24791068922927356
review,4.0900957100292485
cardiff,26.431204456598902
panthers,10.9335096854804
bo,8.322264811615351
surprising,1.35270523932975
shortlist,15.560803009058986
ross,12.837810934775993
tribute,8.804886848158983
fixture,21.783989648190975
tactic,4.9020837374588035
24,0.8488769776468608
rarely,0.6739670195412932
hub,8.414518048808079
works,0.011505273641951322
finland,4.911606566986205
recovered,3.237785095605921
opponent,5.16104142270716
hear,0.04606528425878592
2006,5.499185495572681
reach,0.5918713488887052
4th,3.6313186083924753
rounds,4.629994618021647
shop,0.6806956508105916
totti,45.830523807344726
gon,0.04029422406707071
charged,2.5719027706411324
lmao,0.7504676973897688
options,0.26504535181487615
picked,0.2876178945512149
pushed,1.0812915378480255
protest,3.7477380149530237
nh·ªØng,42.78895720191979
·ªü,31.373231187912857
jamie,35.861545035584314
carragher,70.74875660038492
cb,22.94500293328701
lb,5.674004705012192
cm,6.451179935218255
lm,12.28900651511671
victories,6.599346367325321
russian,4.384110950765688
bro,0.9722895237894715
hair,1.1069955663724664
edge,0.5881339847489105
teddy,6.822245899695146
recently,0.07680006553610039
btw,0.15832662011440654
delhi,24.35375301118753
dynamos,55.583616109782284
ignore,0.4575680117288517
bring,0.030710189505857282
marzo,25.265280049901037
sistem,25.587591897695624
ronald,9.542700001136454
copa,99.86492482883712
y,0.2665363113277508
29/10/2016,36.77820551487127
walk,0.20188712903881037
passionate,4.817290424528434
road,0.3578760955986894
train,0.9149189342174648
italian,5.410683996148983
owner,1.0033701988638009
choose,0.28314501222185506
wanting,0.3643864420640472
anytime,0.8335896975887751
across,0.11534796471833197
nine,1.9806167300143989
decades,1.9381010516774833
u,0.1666672373838945
sergio,83.16718032388277
nottingham,40.81368172116927
friday,0.5036243765213146
motta,23.582918866794973
kaka,72.75633098880375
sao,14.436353947748328
act,0.19962467500472517
homophobic,6.7509579323746305
denmark,7.968537874415009
eto'o,29.22440671911752
memories,1.8751091978376975
met,0.4776832221054751
vardy,98.34106955886652
dembele,74.11845010014447
carrick,21.70782890814531
henderson,15.17778707993449
matic,16.562949175698517
rose,4.285786074549548
bias,3.256258221511576
jesus,1.623412104283768
siap,40.22342233378107
kembali,40.22342233378107
ke,29.565077593867272
spanyol,62.57028814306143
ŸÜŸäŸÖÿßÿ±,95.6233343386653
ad,1.0349226784690886
supposed,0.04099944912204188
develop,1.1039056812344348
energy,0.596063179701439
levels,0.39618348913851487
gabriel,22.856379385361056
prospects,4.8691254278407765
faces,1.0012240053875967
compared,0.5802065103645121
giants,7.304807492048439
laliga,61.90099830765641
bloopers,16.651447061195523
states,0.47382267360266656
until,0.0
sell,0.4638293656760333
allow,0.18123989752919042
hands,0.11303888813123339
barkley,20.347653980814687
longest,1.7197060583759658
berbatov,36.10891567946624
site,0.5659242002659441
asked,0.08651097353874898
count,0.25162075838842896
su√°rez,24.788729150879412
angry,2.4151285947381878
sacking,25.516200582409972
pemain,95.5095478696698
short,0.04605054179093795
trend,1.8066457665162257
chose,0.7304538978034448
des,22.336864537111936
walcott,40.59804236969924
estonia,13.110942647616612
checked,0.19878401386115713
wish,0.01022690990395673
picture,0.0705130619701092
certainly,0.1954379812301802
jesse,12.077333522383066
lingard,31.65699431242626
debut,6.329131849866057
euros,15.12377839977365
natural,0.6497358679586005
danny,7.968537874415009
australian,2.3149973090108236
celebrated,4.98033617150938
mexican,5.100024239838752
therefore,0.6931094458821417
respectful,3.4953643639123095
global,2.5208377020663844
puto,20.29902118484962
social,0.49094188116027604
onto,0.16322250047455034
issue,0.13085375703462937
pele,69.19931168912898
option,0.2940351516410407
shame,0.49305924780208266
hello,0.33667540679944874
planet,1.091813328569339
steve,2.1404159834796848
humiliating,20.43360696837871
records,1.643595101212071
hertha,27.885545411232265
berlin,11.251596553957716
19/11/2016,44.13384661784552
ancelotti,83.65663623369679
gotten,0.2010356296244937
ÿßŸÑŸÖÿµÿ±Ÿä,38.94717143622339
ÿßŸÑÿØŸàÿ±Ÿä,62.57028814306143
celtic,88.4196222287002
motherwell,27.048654769594698
15:00bst,110.3346165446138
person,0.014701182986937799
bellerin,54.269133107016444
reveals,7.236393255786235
path,0.5412682783218036
wimbledon,84.24417272387804
month,0.033269371964678725
predicted,5.861040732091319
m8bet,119.92489060345754
rise,3.14915051744621
defeat,7.635047352746409
ÿ®ÿπÿØ,29.746474981055297
prime,1.0760734980983853
worse,0.21986772888395273
backs,1.9954782991134228
necessary,0.29694501118766436
chemistry,4.224094947771211
truly,0.26856991333171304
episode,0.9084139160872986
footballing,55.83683382182892
glorious,1.9540091476072043
–≤,48.91944811128229
—Ñ—É—Ç–±–æ–ª,39.97496353448585
–º–æ–º–µ–Ω—Ç—ã,31.285144071530716
huge,0.061400722387917266
depth,1.8870348723450474
reaching,1.639517163053817
promotion,4.678374306702242
bother,0.3343782554738326
dai,12.676797686846085
bilic,24.788729150879412
trump,1.800071118766676
associations,8.93503827624574
racist,1.6594107411790517
thailand,8.200445484257392
d'or,83.76758783420875
disrespectful,5.408335337038964
05,14.412882817468164
km,11.813447873434166
twice,0.1854512118496529
prepared,0.6073196161220256
suffer,1.3821480687812548
contribute,1.4620824646513166
daily,0.6558875385558135
discussions,1.5493226304737096
personally,0.16223215707319988
explains,0.7835493114303992
desire,0.9546036210119802
avoid,0.17402952908664396
bisa,24.353672265931266
nama,23.72666232787259
looks,0.02748482036688371
midfielder,91.20703299563615
aplikasi,27.819408168730995
nou,33.702508712970264
camp,2.735368843522262
suspect,0.7093639742780604
akan,92.95181803744087
memory,0.4162135520210365
palermo,36.21092933519145
leamington,101.06112019960415
egypt,16.314559759695488
monchengladbach,51.12349992059248
ludogorets,49.577458301758824
ÿ£ŸáÿØÿßŸÅ,36.77820551487127
ŸÖÿπ,46.910585145775315
ŸÖŸáÿßÿ±ÿßÿ™_ŸÉÿ±ÿ©_ÿßŸÑŸÇÿØŸÖ,36.77820551487127
2017ŸÖŸáÿßÿ±ÿßÿ™_ŸÉÿ±ÿ©_ÿßŸÑŸÇÿØŸÖ,36.77820551487127
banyak,27.048654769594698
clash,16.59789879171674
olympique,39.66196664140706
marseille,41.81328110479635
fixtures,11.278873375750276
hero,2.821330135523508
‚Ç¨,13.030346843096451
35,1.9792441963056142
updates,2.247422726779068
relevant,0.40510974310011666
tournaments,12.007830089578357
compare,1.3069644105531344
tops,2.4809063836487053
i'm,1.1638722218758555
hearing,0.30631901842716003
retire,10.197268220091084
ex,0.8056109107602235
faster,0.3404023133226491
aggressive,2.5064270822593997
writing,0.3776490434775812
manu,14.008821056868562
hated,1.5596275728308109
parents,0.7384918839793382
accident,1.410665067761754
finger,1.2863758837425747
gary,13.751412677380715
neville,13.802606264198317
embarrassing,4.754911090083338
associated,1.099768779730548
camps,3.9801293274050575
refereeing,30.92961225932938
attacks,2.663979479467394
confused,0.22267375740355702
confusion,1.1921779990495465
laugh,0.5664960660139947
maicon,30.318336059881247
fits,0.5924279528528311
troy,8.833912286915847
rivalry,8.438842466488076
chat,0.7853261832376948
footbal,70.32650240094623
paling,38.96587562549003
fcb,35.72215476062471
poland,8.810227395680641
ft,4.153403919908328
feeling,0.1926178612192273
solution,0.906806636072241
fernando,15.560803009058986
torres,31.433311854957097
criteria,3.3078751781982736
simply,0.17516944685287952
meanwhile,1.1317177702244035
send,0.0641027836091902
chiefs,8.640099946418083
somehow,0.15484354362364858
car,0.2866099332632851
collection,1.2305825581967407
cars,1.7851484105136781
straight,0.0383877368823216
cech,22.326346725390444
coutinho,58.048501486015155
tertarik,33.31246961207154
hits,1.1316655341317277
celebrate,3.34666023944507
college,3.2918041936195666
investigation,3.936844576875454
vi√°¬ª¬át,23.23795450936022
¬°,4.365598360768323
¬¥,54.85247603217249
alberto,15.75474241791644
dies,1.7892975544149574
bai,34.17860447017384
thuong,39.97496353448585
hoi,17.33839790591802
shootouts,14.391521442480235
normal,0.09615417541378528
discussion,0.6964310592223636
grab,0.4003720102627452
proposed,2.5011615218216288
atlanta,3.799302945064711
touchdown,19.120792375077002
celebration,8.097437090208462
talents,10.71207594124971
cheering,4.24181695294621
british,3.5166696625157363
syria,7.751135365719872
gabon,49.17053477943326
guinea,12.190069005525896
bissau,52.761995612944176
tradition,6.103401543775799
morata,23.23795450936022
maradona,118.63331163936294
slovenia,37.84333625912828
‡πÅ‡∏ó‡∏á‡∏ö‡∏≠‡∏•‡∏ú‡πà‡∏≤‡∏ô‡πÄ‡∏ß‡πá‡∏ö,102.97897544163955
worry,0.03460438941549959
sampdoria,110.80019078718276
prem,39.32380091494299
bids,9.211061784046358
theme,1.0448466805140089
song,2.0281299237384673
twitter,2.4595965670820235
forgotten,1.471874241645913
compilation,9.458796448331366
guaranteed,3.4050192290021273
anybody,0.22725146512683408
ingin,50.07493470371579
lebih,33.383289802477194
cr7,92.84323151499228
handed,1.4501099604493126
shock,2.829920108218135
atleast,1.4715336803190793
ofc,3.996251002771723
building,0.14916800189240412
dog,0.49094188116027604
roman,3.591915358448983
followed,0.748885089309828
10th,3.401170696181017
reported,1.2626698078624945
hours,0.015345270633324208
along,0.023025270895468974
rodgers,14.542685106206154
tiep,66.20076992676829
thang,22.436533146177105
available,0.14377503676343714
travel,0.7491843936378657
signing,7.128072241383468
malta,23.92796472714346
possession,7.381460920416364
leonesa,39.97496353448585
rey,22.600445151633345
pardew,41.82831811684839
uae,10.655467661928189
iraq,5.635650496915352
tap,1.8279099354372528
commentators,8.701675529518099
starts,0.13922362326931517
august,2.048150577102569
death,0.3553817484370011
herrera,28.39182890563147
‚Ä¢,10.448086037296225
mediocre,1.762878220938958
loses,1.7095019742838613
knee,2.22445157506159
mata,17.269825730976283
roughly,0.6326361259047588
middlesbrough,146.15295253091728
robben,53.26807934438603
–∑–∞,28.682811954669404
–Ω–∞,16.562949175698517
–æ—Ç,27.45157728942375
720p,7.782742242568638
tr∆∞·ªùng,22.612138794590187
ÿ≥Ÿäÿ™Ÿä,33.31246961207154
alonso,16.475990462139173
fabregas,25.866711991504985
forced,0.3067509390845909
rostov,54.86190953158635
brought,0.19140906598230248
replaced,0.6073196161220256
meeting,0.8654153991664675
coupe,36.795545979666784
blood,0.6727687698526348
proud,0.7272874003550902
common,0.06348214841994777
excuse,0.4745082015332611
ideas,0.19180577406345306
fighting,1.5538072668215945
uses,0.18583156709363474
buying,0.8308278956506787
gain,0.4475616170890131
effective,0.870478690526469
treated,1.341860930421945
ways,0.07704714448769093
quickly,0.13881902881424915
lai,23.06638664699484
mannequin,12.673245609462839
su,8.321601257933327
stunt,4.424207995958259
pen,1.8592556885805944
atl√©tico,25.265280049901037
nov,8.464344652641978
shootout,15.983201492892283
giao,25.265280049901037
¬∞,1.3902319772331757
joy,2.1605307911082
picking,0.4092739256467959
performing,2.85705168578922
ready,0.24663030137723646
aberdeen,47.0420009669722
creativity,3.849429846900877
koscielny,27.49831428440684
nh·∫≠n,47.95899712362289
ƒë·ªãnh,50.4135761880792
psv,21.852414217619675
ng√†y,38.38138784654343
netherlands,13.628377338475286
suit,0.639893021227994
brom,43.41565781629062
22h00,36.77820551487127
khach,73.28743314655739
pc,0.9366369438006322
corruption,3.2868652442942032
council,4.776155192886069
pushing,0.6599162122783089
public,0.17226273117387617
serious,0.17516944685287952
min,1.2343319342915349
foxes,17.064500299470854
amateur,6.506358041560295
31,4.306445259854194
plans,0.717988521849489
whatever,0.01406649808054719
political,1.6633742895624435
sing,3.6473439655150464
president,1.4991298409578924
brighton,42.56138426392882
cp,6.436077573650715
trust,0.13963138227114735
legacy,5.590596776229212
superb,6.222237962025655
deserves,1.9712710564493332
consideration,1.3528840451085313
specifically,0.14963351413308834
buruk,29.846733709271813
eagles,11.647657656416131
celebrations,15.77988779751597
incredibly,0.14916800189240412
community,0.2313650480237486
besar,52.761995612944176
ruined,1.6332451125561476
ÿ≠ÿ≥ÿßŸÖ,37.54217288583686
ÿπŸÑŸâ,64.60498170524228
keuntungan,34.477219143240916
dunia,30.318336059881247
playoffs,13.820023553597027
hdtv,18.07101408672342
images,1.3499206605009761
logos,4.59745367302413
juve,55.83683382182892
ai,0.32968813804544195
harry,13.899218654449696
sharashori,36.77820551487127
co,1.0500559107557337
jerman,33.31246961207154
u21,30.177830656755816
bosnia,11.658802910639885
‚òÜ,24.743689807463504
tunnel,3.0841537589799697
jackson,3.5397636470546203
heisman,16.741539588708914
sold,0.8005609014359618
storm,1.4745698394118927
morgan,5.067598421265512
brugge,21.322993248079687
ryan,7.38132312836959
zealand,3.8888987262660346
frank,4.961812767297411
swindon,25.320881322270623
tevez,39.23917946478237
chicago,2.4404632839656486
series,0.3909292579127752
th·∫Øng,45.96962552432122
music,0.19214347307207336
basten,25.792082628190172
seconds,0.4684007825106869
introduced,1.1517900573177122
challenges,4.785961127652419
split,0.48135283856487887
quarters,6.200015725514436
knew,0.05827739506628014
seat,1.6804128375286
relegation,67.73744964708035
pissed,0.851270436969185
domestic,7.136566430086572
answers,0.6559193103179459
academy,8.142691700725415
heroes,2.9635785749611396
kho,58.791560865934485
phan,21.555593326254154
bvb,27.91841691091446
continent,4.3779827052380025
boateng,22.326346725390444
modric,31.65699431242626
whose,0.96017569526003
becoming,0.6671340845299683
project,0.4575961714946676
awarded,14.281786336857337
green,0.43526000126546754
rob,4.174700826173924
jones,3.711267467032628
cheer,6.857734361577522
choices,0.6904687711752652
proper,0.5089685883509875
joined,1.239057026501082
squads,9.926734285242791
trip,1.1991025214321964
died,0.7908470025554353
dominant,3.413544914215036
middletown,21.555593326254154
notre,13.110942647616612
dame,10.114561079962403
piaa,27.819408168730995
3a,13.097213272898792
par,1.3570734043816877
mobile,0.2744293051681043
tak,25.036108390546367
√∏¬ß√π¬á√∏¬Ø√∏¬ß√π¬Å,890.0325734598847
√π,754.6989459393608
√∏¬®√∏¬ß√∏¬±√∏¬ß√∏,581.095647134966
√∏¬±√π¬à√π,81.34137458597986
√∏¬ß,51.65427146319161
√π¬à,124.48003142909873
√∏¬ß√∏¬™√∏¬ß√π¬Ñ√∏¬ß√π¬Ü√∏¬™√∏¬ß,36.77820551487127
√π¬Ñ√∏,146.1220335955876
¬Æ,17.397662386401088
√∏¬µ,108.32674703839872
√∏¬ß√π,121.15003090616294
√∏¬∂√∏¬Ø,139.91237237070047
√∏¬ß√π¬Ñ√π¬ä√π¬à√π,216.38923815675759
√∏¬Ø,97.59940893931292
√∏¬µ√π¬Ñ√∏¬ß√∏¬≠,53.299951379314464
solo,1.7504228490131117
fourth,2.6620667907877076
000,5.2468290801311905
appreciate,0.11557071673153639
gareth,78.02279057663108
southgate,29.85219054731156
choi,23.494403961421245
hay,5.725205129748003
ÿßÿ®ÿ∑ÿßŸÑ,39.97496353448585
holy,0.1557556181286066
crashes,4.490294011453473
amelia,14.061731603521249
st.,3.741735415024521
lyonnais,27.048654769594698
americans,3.2224060799309435
disgrace,6.496584578568516
places,0.12014253707039223
dunno,0.5681308094026792
andres,21.16199823891095
conceded,14.117232979707175
les,8.749210212812232
2000,0.8550597512846947
wife,0.5245084908881275
mates,3.6202243609950697
morning,0.15928420036597263
grown,0.84370041281311
wednesday,2.292077696413746
ÿü,25.06552363575785
2022,11.69081598908481
qatar,17.865027673619316
rock,0.367297362162175
held,0.561076435611744
summer,1.2660785360075255
nation,2.0557518800077412
barely,0.34452546234775233
"50,000",5.032510557972278
kc,7.604151829558242
drunk,1.2825156809458589
bar√ßa,50.07493470371579
qualify,8.433982251729002
explain,0.10580358069991296
approach,1.355849554826515
shots,2.508425497159502
unlucky,3.165056540594027
prague,9.787392007282504
alan,11.48296923203473
carolina,4.301877735186227
loads,1.0561696132655727
hype,1.9529110127121183
western,1.314947366304037
sydney,4.894570775378134
reds,7.230230007167846
nha,54.269133107016444
winter,0.8072160287505474
19:45,26.791616070468535
arm,0.7093639742780604
retired,4.198134946624593
self,0.05642857637328691
underdog,6.401475359427847
notice,0.09910075427764928
central,1.396661003227875
police,1.8398428020573911
ÿßŸÑÿßŸáŸÑŸâ,51.489487720819774
tells,0.3301529076154291
whoever,0.7899022612634863
d'afrique,73.28743314655739
comeback,9.315741645019582
range,0.4776832221054751
ÿ™ÿßÿ±ŸäÿÆ,29.846733709271813
brother,0.5516828870645484
austria,9.421575911389226
ads,1.5232582795310439
radio,1.3773229780507732
rights,1.7785868677905632
bristol,16.06826857805428
argue,1.3650726839824538
replacement,1.5452517598585853
vikings,7.993161060079324
caught,0.37928135874110913
basic,0.30492145018678257
forever,0.2492089890057706
nope,0.18295287011206954
jan,2.299792026131929
√∏¬ß√π¬Ñ√∏¬≤√π,369.16470004406244
√∏¬ß√π¬Ñ√π¬É,352.1914577694074
√π¬à√∏¬ß√π¬Ñ√π,150.99276804877385
√π¬Ç√∏¬ß√π¬à√π¬Ñ√π¬à√π¬Ü,117.69025764758806
√∏¬≥,116.07639034847718
√π¬ä√π¬à√∏¬™√π¬ä√π¬à√∏¬®,58.84512882379403
√∏¬ß√π¬Ñ√∏¬π√∏¬±√∏¬®,238.7738696741745
√π¬Ç√∏¬ß√π¬à√π¬Ñ√π¬ä√π¬Ü,228.02487419220185
√∏¬ß√∏¬™√∏,146.57486629311478
3/0,43.83661007867628
√∏¬ß√∏¬¨√π¬à√∏¬ß√π¬Ñ,44.13384661784552
√π¬É√∏¬ß√π,66.76657960495439
√π¬á√∏¬Ø√π¬Å,137.65463391473514
√∏¬π√∏¬ß√π¬Ñ√π,50.05623051444915
√π¬â,68.95443828648183
√π¬Å√π¬â,100.24779166459393
√∏¬ß√π¬Ñ√π,106.46935839611801
√∏¬¥√π¬ä√π¬É√∏¬ß√∏¬®√∏¬ß√π¬Ñ√∏¬ß,51.489487720819774
√∏¬≥√∏¬™√∏¬ß√π¬Ü√π¬Ñ√π¬â,36.77820551487127
√∏¬±√π,31.285144071530716
hour,0.08105623433719295
plenty,0.1274152554998348
hq,4.1019991598029755
pierre,9.091534179778586
emerick,23.953458727563586
aubameyang,49.11796279585898
rising,2.1263728854286663
megs,17.85725734527996
study,1.1231764795688144
pictures,0.37678644348050505
ŸÑŸÑÿ£ŸáŸÑŸâ,73.55641102974253
shakespeare,8.46132296620607
accepted,0.8072160287505474
mascot,5.625798276978858
eintracht,30.318336059881247
frankfurt,12.079841106056655
officially,1.4103887605747185
cheers,1.3440425278809627
‚õπ,80.91205213271678
peru,16.543693858585915
hahaha,0.7809577811517535
unbeaten,37.44837122832109
armour,5.301875507673036
stages,5.048414484866957
1/1,12.715194840865827
lloris,32.53313631310431
headers,9.675530518509838
crosses,4.1019991598029755
80,0.4783021132223513
lisbon,16.747757469038504
soi,14.50646903360373
k√®o,50.05623051444915
d·ª±,23.23795450936022
ÿ£ÿ≠ŸÖÿØ,31.285144071530716
announced,1.5237907881288604
czech,8.755935093914879
republic,6.7287642991035
jos√©,20.487722824763857
bob,1.8315291849984685
ah,0.1286191364240782
grass,4.012990391964992
weather,0.8135344087922711
conditions,1.0838705151436496
staff,1.532286786544533
party,0.08883329310587244
underrated,5.877000337089783
dominance,4.279270311591998
shocked,1.1638722218758555
fined,9.882749472186426
ÿßŸÑÿßŸáÿØÿßŸÅ,36.77820551487127
farewell,7.359545357482252
sergi,24.353672265931266
cable,1.8499964266752267
subscription,3.711267467032628
channels,2.9946581887384314
lo,5.308458883741002
lift,3.480404890224005
upper,0.7537429638479027
miami,6.39090197452969
bridge,1.243772154445117
boro,51.9573120729544
mediocrity,7.024992751932634
seven,0.9856355282246666
moi,11.248478145368367
touch,0.39562224976825083
sack,5.959560466051956
humiliates,21.322993248079687
facing,1.085500758827263
feb,6.134707589992555
francesco,18.86061082259072
wcq,24.353672265931266
offence,4.1457312170173175
teammates,9.074267039864191
tony,5.663621835287392
hari,16.833285282049896
teamwork,6.947471819252807
apart,0.3644373587454547
lucio,20.154873568182204
heavy,0.21533519923009029
jimmy,4.271108218959489
martin,5.4093330313766215
jermain,24.353672265931266
2004,4.456395640122957
george,4.937749567582702
sheringham,32.45838572351364
alright,0.20883520264936578
force,0.27860564552622485
dijk,22.915261903672363
section,0.2862093853222692
ranking,2.4487501404540764
tidak,31.657197367766504
rich,0.6435254224048235
july,1.4586857075109263
ambulance,6.389994298126096
destroy,1.5895453213990365
managerial,11.658802910639885
2007,3.096987988472466
13:30bst,51.489487720819774
dinamo,58.44881343823504
brutal,3.893055645359961
upset,0.8798882830377451
ty,4.296168331101318
gaston,27.50470916986162
exists,0.6130243217383564
lip,6.186715691011654
ve,0.4308760487165592
houses,1.8685321290893246
03h00,73.55641102974253
diem,19.913471175201828
bbva,39.70081911427032
panel,2.067421986373921
beauty,1.1967867929618294
her,0.04931164197916012
trouble,0.20090547950379065
2021,8.127706600003396
plymouth,15.116155176136653
brothers,1.3111823855274363
luka,17.63499853242579
confirmed,0.8741841829743406
considering,0.12315647720906295
dier,36.66441904587578
walker,4.455263996421462
moore,5.685204916412622
luiz,53.26807934438603
loved,0.20944707340672103
franchise,3.3239941277784513
traditional,0.9162138804439772
monday,1.1126817249793255
romelu,39.66196664140706
09,12.291060873105124
load,0.6461803984819209
ps,0.900035559383338
benefit,0.49112871077615505
earlier,0.20007121047052143
manutd,25.265280049901037
gaming,1.5930674414398864
utdway,44.13384661784552
managing,3.793838394653748
nbcsn,25.494483253889623
examples,0.5606406415438624
miles,1.202392715382607
tomorrow,0.15141534677910778
legia,76.88127190160664
c√¥ng,23.72666232787259
tr·∫≠n,46.63745745690016
ƒë·∫•u,40.22342233378107
fellow,0.5227857642212538
christmas,0.4175427134079166
deserved,3.609020142839395
pays,1.540619408084789
pitches,10.886265346894964
sexual,1.8592556885805944
equal,0.715810561319459
parts,0.1805335943565774
language,1.1573678652970067
joey,8.787255056679326
barton,26.922020088621863
authorities,4.843808918058043
instance,1.0006235965196917
ankle,7.307344056749374
falling,0.6813524623037509
u.,7.526716848098411
guilty,2.299752820689695
norway,8.83294808473353
ages,0.8689358970121993
saving,0.49671931641786576
champion,6.935934112069642
relationship,0.8955828690120076
ÿßŸÑŸÜÿßÿØŸâ,36.77820551487127
^in,2.3544111448144642
^views,2.8824540941860595
^since,2.8824540941860595
^bot,1.7341928242298394
^info,2.8577117910828873
wiki,0.6362632570032485
selection,0.9391595932890489
akurat,39.97496353448585
beckham,44.08894185900046
shocking,8.503949174193538
girlfriend,0.7809577811517535
returns,2.1847402689516273
yea,0.5082080352866079
bar,0.1671633873157349
beating,3.486489513457319
packers,10.839390108474202
mark,0.5948750229430679
costs,0.5876005548852654
wow,0.064000054613417
panathinaikos,49.577458301758824
nuts,0.9084139160872986
touched,2.06598446707616
bay,1.5536799292244141
shearer,20.88793636313154
chu,10.595995700721524
slow,0.2940351516410407
failure,1.4841724761970034
tr∆∞·ªõc,34.70422081123118
9th,2.5701281324833083
marquinhos,25.265280049901037
balotelli,25.587591897695624
ŸÖÿ±ÿ™ÿ∂Ÿâ,66.20076992676829
ŸÖŸÜÿµŸàÿ±,66.20076992676829
ÿπŸÜ,31.256885415546623
donnarumma,28.299502640153968
closer,0.17110686428976443
michigan,6.848747821283794
√£¬ñzil,41.247471426610254
described,0.7835493114303992
qua,24.24674563404539
00h30,59.96244530172877
√π¬Ü,20.661708585276646
√∏¬±√∏¬™√∏¬∂√π¬â,139.7571809565108
√π¬Ü√∏¬µ√π¬à√∏¬±,132.40153985353658
¬¶,0.8361418323865006
√∏¬ß√∏¬≠√π,56.313259328755294
√∏¬™√π¬à√π¬Å√π¬ä√π¬Ç,139.7571809565108
√∏,71.74852389654737
√π¬Ü√∏¬ß√π¬Ç√∏,66.20076992676829
√π¬à√∏¬ß√∏¬≠√π,66.20076992676829
√∏¬π√π¬Ñ√π¬â,49.40380953930292
√π¬à√π,75.46534037374391
fifth,3.086803464581312
decided,0.14377503676343714
create,0.18704189266636043
model,0.5535929017888047
amounts,0.9662180280926786
spending,0.6435566710114394
children,0.8060503431753253
hails,18.642875165549366
hlv,31.285144071530716
carroll,11.496976488129727
northeast,13.837267029435973
drug,1.5493226304737096
giggs,49.64118333727263
loose,0.9178794387060962
milner,19.77221860656049
spoilers,3.5462529406326198
revenge,2.443539092561858
thi,16.874077924225496
h·ªØu,58.03819517423859
nƒÉm,21.799544147101315
largely,1.4306135988594557
k,0.3594361813498307
waiting,0.0643095682120391
85,1.891798806717531
singing,2.6276129588336907
seller,3.1470385030775345
process,0.1081798735789642
confederation,13.185711158395797
justified,2.2846328432213276
schmeichel,22.612138794590187
shield,2.453966625016965
rated,2.4046806606751168
juan,9.12498219546989
carrying,1.2739459701510176
answered,0.9402591737164789
focused,0.7848968981614073
tweet,2.2394291199605827
slovakia,17.47080089028807
milton,16.37898724458439
keynes,25.450030664628933
75,0.9988401873235858
starter,2.406013428559597
afford,0.5161461201965045
replay,5.415311748569992
boost,1.3388613078852587
convinced,1.0917393009815677
warszawa,24.353672265931266
tactically,17.495955460072924
medical,1.420338693813608
tbf,4.768619531235341
omg,1.1232089939532466
helpful,0.6194338237281615
donald,2.5157902028412242
aside,0.29817602079173566
qualified,3.896974903485293
re,0.0320000273067085
soul,0.8854780960527688
zone,0.6217704932331922
search,0.09456560672672511
dave,3.2930342765388456
specific,0.05138131278692427
safe,0.09272560592482645
increasing,1.4758236848722635
expert,0.8931116853217685
laporte,22.612138794590187
normally,0.16895694592948807
halfway,1.0838705151436496
playoff,29.19386937188863
ohio,8.495432752931087
september,2.7184983820251927
unofficial,4.239939317696865
amongst,1.6951570954001725
bolt,3.684510597285171
character,0.4952910418483894
d4,14.061731603521249
2008,2.907930436982306
proof,0.2792186810804643
evra,41.247471426610254
shoes,1.5956318253879862
spent,0.19143248199530835
opposite,0.24890535145122278
sudden,1.1157177565710488
disappointed,0.91610960074724
opening,0.2724664855911066
water,0.17571765853255908
scorers,13.32146610372555
¬§,42.20146887045104
ibra,37.59828545363678
kindly,2.667218561768816
everyday,0.5534977831862332
surprise,0.4002804507179809
cares,0.5664960660139947
ending,0.4720800550116622
exceptional,3.237785095605921
eric,3.9098046800680395
immense,5.757556378300859
fulham,20.88793636313154
12:00bst,36.77820551487127
defeats,5.117106342351779
superior,1.0090365069770546
toronto,4.322420258648075
lanzini,29.746474981055297
fastest,4.915525342500314
statistics,2.9083574044669254
poppy,13.082634610934736
bursa,39.66196664140706
empoli,38.94717143622339
tune,1.7350447970237735
iis,26.216908618355436
institute,8.995800980505262
broke,0.3472369226572428
fraud,3.5138903681045335
sudamericana,27.048654769594698
tl;dr,0.744100016000099
include,0.19140906598230248
theory,0.550117529788433
mesut,71.86037618269076
announce,2.2644918290783043
trailer,4.244354763799304
papers,2.5064330035961593
elite,3.2924311579578096
pochettino,33.53484221858902
valuable,1.0522248398854122
behaviour,3.467967056034821
official,0.8722314615201971
lock,0.6726800239587895
complaining,0.7611779094557933
experienced,0.9769513099902888
giant,0.4475616170890131
pop,0.32500116097043635
troll,1.2610597254502212
promo,7.2854917817473535
termurah,31.285144071530716
demand,0.7130472156969226
figure,0.10006463773236364
fundamental,2.6130468509402647
bologna,30.4243144484306
somewhat,0.18690674175432795
conclusion,0.997322327468191
e.g.,1.0168612347085717
fancy,0.8822445900843283
manuel,15.917320703619218
neuer,28.957356946742365
bonucci,22.915261903672363
basis,0.5893145552540539
period,0.375788442067125
reached,0.8866873892506705
agenda,2.7662316982497144
wisconsin,6.8643139820231
coverage,2.081935784663728
plz,3.223299666795083
racism,3.9982882823562704
centre,5.752517893001849
holds,0.6873213228542313
lions,8.542260342499754
hoops,12.036140479856247
constantly,0.39757598464468547
touches,3.8930132184683766
quiz,5.883697698876944
rivalries,9.81006778310946
nominated,6.384431780495602
released,0.5439177102001427
n'golo,24.353672265931266
shoot,0.733847492982965
immediately,0.14004984732936498
shooting,1.1179271354907918
guide,0.5749289556664048
cahill,36.66761648860317
jets,7.552983295428266
dijon,18.460397284223035
trik,46.425748730742306
07,5.6925667014296355
naturally,0.7537429638479027
campaign,1.8999027661343626
further,0.07507262007980552
factors,1.171943248648561
issues,0.07193383790169397
iranian,13.597194337235207
response,0.16248023492091968
nz,6.274336948486421
ship,0.7028655724793313
til,0.5439177102001427
assume,0.0461836789533986
progress,0.5412682783218036
achievement,3.069702041610996
kill,0.11309044293886182
juninho,31.657197367766504
klub,25.06552363575785
55,1.5059572242065653
members,0.4372795402119639
joshua,8.84196222287002
kimmich,33.016086413512966
instagram,2.7803489677361894
hmm,0.30971691186408074
hampshire,10.700922424778934
bag,0.7374478007798326
ÿßŸÑÿ≠ÿ∂ÿ±Ÿâ,36.77820551487127
wilson,4.8691254278407765
nutmegs,29.22440671911752
assist,2.717390194893965
effectively,1.4786374585718016
touching,1.8123322546834617
sterling,8.429991302319161
pros,2.0073428321106803
dad,0.8851566187363029
litmanen,35.816080451126176
brings,0.39542350127771764
ali,9.421575911389226
thursday,1.3907152470251105
anelka,27.819408168730995
petersburg,12.214931086191008
√¢¬Ä¬ì,8.409191269766055
remarkable,3.95892788221063
percentage,1.3070312852474912
remove,0.2657233962346396
wasting,1.2657087359980237
ŸÖÿßŸÜŸàŸäŸÑ,51.489487720819774
ÿ¨Ÿàÿ≤ŸäŸá,51.489487720819774
figured,0.17900160227088496
victims,3.936844576875454
dfb,22.612138794590187
2009,3.0655484519726395
york,2.354453888510527
90s,2.018066695555255
mertens,22.326346725390444
r/nfl,16.92674594711066
si,3.7382023883908335
45,0.546365114358963
actual,0.023025270895468974
meant,0.0775892925132695
allen,6.259210486343752
violence,4.329972114983659
stadia,26.46721274284688
handball,25.958137910407537
knowledge,0.25043321215698555
somewhere,0.04037178765141619
views,0.6799953142175907
olympiakos,24.788729150879412
eventually,0.09662044539947204
kits,9.504126449434121
store,0.22288451642097987
began,0.9199214010286956
factor,0.5214805980101981
clickbait,3.5853665690386656
curious,0.07078625305546377
bordeaux,19.771188554567004
wowhdbackgrounds,31.285144071530716
becomes,0.24554852017374426
greater,0.7020056212207791
gt;the,2.1111919030328052
assistant,2.9299956306087545
member,0.4414046692847334
melbourne,9.257299091855563
adelaide,11.72502904438999
significant,0.5143934246053308
bank,0.8689358970121993
wedding,2.6335564957238677
crossbar,15.39487491979099
matt,3.712044869834388
comfortable,0.3747195379475614
samuel,8.047189562170502
page,0.0923673579067972
spark,2.788503449996616
patrice,15.680666988990735
nacho,11.593442502803121
excited,0.25976308024627226
arc,3.243893831857533
analytical,6.5060087835244165
facets,9.284991677962859
m'gladbach,31.657197367766504
dressing,3.731459299034366
burkina,23.93007163792668
rip,0.4745082015332611
ill,0.2287980857473338
2005,2.895670553010353
hijab,12.49584926646304
slim,2.081935784663728
w,0.5924279528528311
saved,0.41934221157480245
milano,30.81433923224935
patrick,4.592985339688029
sanches,23.953458727563586
band,0.754813948938019
stands,0.7834674065136873
poorly,0.683656976775967
peter,3.379780053020666
memilih,35.816080451126176
ÿµŸÅŸÇÿ©,36.77820551487127
superstars,16.41868955932142
gift,0.5321302292993231
drive,0.15928420036597263
liked,0.2212271798005897
sound,0.0499360409142031
muscles,4.015666079698318
balance,0.48262487438576507
coquelin,23.582918866794973
tourist,5.752268686548644
mine,0.0461836789533986
florida,2.639505926057638
olympic,7.383987158177066
protect,0.6909883563886046
√π¬à√π¬à√∏¬ß√∏¬Ø√π¬â,125.04589875056232
√∏¬Ø√∏¬¨√π¬Ñ√∏,161.82410426543356
dapat,25.792082628190172
suppose,0.255070509444833
download,1.73946860991546
mou,15.82993180473914
recap,4.605472920934003
cesc,45.224277589180375
exercise,1.762878220938958
runners,7.181441382160901
sprinting,9.695089144770117
bear,0.7985193824934228
buys,2.5275746841437647
ends,0.12290398877810539
pat,3.063802335911752
zero,0.2154380243582796
mainz,20.487722824763857
athletics,9.231263831731383
olympics,5.366871780391235
swedish,4.542792446158428
alot,0.8913086989672291
ta,0.09662044539947204
barcelone,33.31246961207154
madden,8.84196222287002
√∏¬ß√π¬Ñ√∏¬ß√π¬á√π¬Ñ√π¬â,264.80307970707315
√π¬à√∏¬ß√π¬Ñ√∏¬¨√π¬ä√∏,102.97897544163955
√∏¬ß√π¬Ñ√∏¬¨√π¬ä√∏,93.27491491380032
√∏¬ß√π¬Ñ√π¬Ü√∏¬ß√∏¬Ø√π¬â,51.489487720819774
√∏¬π,29.85219054731156
√π¬Å√π¬à√∏¬≤,58.84512882379403
cruijff,28.731015952700766
prank,4.517960742685139
oxygen,4.286794767489099
croatia,9.312898298168527
controversial,2.1355164240479403
collar,3.644616768626145
jumping,0.8892934338952816
‚ñª,39.97496353448585
delete,0.6109284217640739
√π¬ä√π¬Ñ√∏¬ß√π¬Ü,897.3882145628589
√∏¬ß√π¬Ü√∏¬™√∏¬±,259.837262974158
√∏¬ß√π¬Ñ√π¬Ç√π,66.62493922414308
√∏¬¥√π¬à√π¬Ç√∏,73.55641102974253
√∏¬®√π¬ä√π¬Ü,54.097309539189396
√∏¬•√π¬Ü√∏¬™√∏¬±,73.55641102974253
√π¬à√∏¬ß√π¬Ü√∏¬™√∏¬±,110.3346165446138
√¢,4.428982824810774
substitute,3.2729919171547017
canadian,1.5734188626329235
